[{"Identifier":"88074","Name":"ENG 106: 1001 (Pathway); Fall 2017","Code":"Pathway.2017.Fall.ENG  106.1001","Type":{"Id":3,"Code":"Course Offering","Name":"Course Offering"}},{"Identifier":"88092","Name":"ENG 106: 1002 (Pathway); Fall 2017","Code":"Pathway.2017.Fall.ENG  106.1002","Type":{"Id":3,"Code":"Course Offering","Name":"Course Offering"}},{"Identifier":"88110","Name":"ENG 106: 1003 (Pathway); Fall 2017","Code":"Pathway.2017.Fall.ENG  106.1003","Type":{"Id":3,"Code":"Course Offering","Name":"Course Offering"}},{"Identifier":"88111","Name":"ENG 106: 1004 (Pathway); Fall 2017","Code":"Pathway.2017.Fall.ENG  106.1004","Type":{"Id":3,"Code":"Course Offering","Name":"Course Offering"}},{"Identifier":"88112","Name":"ENG 106: 1005 (Pathway); Fall 2017","Code":"Pathway.2017.Fall.ENG  106.1005","Type":{"Id":3,"Code":"Course Offering","Name":"Course Offering"}},{"Identifier":"88126","Name":"ENG 106: 1006 (Pathway); Fall 2017","Code":"Pathway.2017.Fall.ENG  106.1006","Type":{"Id":3,"Code":"Course Offering","Name":"Course Offering"}},{"Identifier":"88131","Name":"ENG 106: 1007 (Pathway); Fall 2017","Code":"Pathway.2017.Fall.ENG  106.1007","Type":{"Id":3,"Code":"Course Offering","Name":"Course Offering"}},{"Identifier":"88132","Name":"ENG 106: 1008 (Pathway); Fall 2017","Code":"Pathway.2017.Fall.ENG  106.1008","Type":{"Id":3,"Code":"Course Offering","Name":"Course Offering"}},{"Identifier":"88133","Name":"ENG 106: 1009 (Pathway); Fall 2017","Code":"Pathway.2017.Fall.ENG  106.1009","Type":{"Id":3,"Code":"Course Offering","Name":"Course Offering"}},{"Identifier":"88134","Name":"ENG 106: 1010 (Pathway); Fall 2017","Code":"Pathway.2017.Fall.ENG  106.1010","Type":{"Id":3,"Code":"Course Offering","Name":"Course Offering"}},{"Identifier":"88135","Name":"ENG 106: 1011 (Pathway); Fall 2017","Code":"Pathway.2017.Fall.ENG  106.1011","Type":{"Id":3,"Code":"Course Offering","Name":"Course Offering"}},{"Identifier":"88136","Name":"ENG 106: 1012 (Pathway); Fall 2017","Code":"Pathway.2017.Fall.ENG  106.1012","Type":{"Id":3,"Code":"Course Offering","Name":"Course Offering"}},{"Identifier":"88137","Name":"ENG 106: 1013 (Pathway); Fall 2017","Code":"Pathway.2017.Fall.ENG  106.1013","Type":{"Id":3,"Code":"Course Offering","Name":"Course Offering"}},{"Identifier":"88138","Name":"ENG 106: 1014 (Pathway); Fall 2017","Code":"Pathway.2017.Fall.ENG  106.1014","Type":{"Id":3,"Code":"Course Offering","Name":"Course Offering"}},{"Identifier":"88139","Name":"ENG 106: 1015 (Pathway); Fall 2017","Code":"Pathway.2017.Fall.ENG  106.1015","Type":{"Id":3,"Code":"Course Offering","Name":"Course Offering"}},{"Identifier":"88140","Name":"ENG 106: 1016 (Pathway); Fall 2017","Code":"Pathway.2017.Fall.ENG  106.1016","Type":{"Id":3,"Code":"Course Offering","Name":"Course Offering"}},{"Identifier":"88141","Name":"ENG 106: 1017 (Pathway); Fall 2017","Code":"Pathway.2017.Fall.ENG  106.1017","Type":{"Id":3,"Code":"Course Offering","Name":"Course Offering"}},{"Identifier":"88142","Name":"ENG 106: 1018 (Pathway); Fall 2017","Code":"Pathway.2017.Fall.ENG  106.1018","Type":{"Id":3,"Code":"Course Offering","Name":"Course Offering"}},{"Identifier":"88143","Name":"ENG 106: 1019 (Pathway); Fall 2017","Code":"Pathway.2017.Fall.ENG  106.1019","Type":{"Id":3,"Code":"Course Offering","Name":"Course Offering"}},{"Identifier":"88144","Name":"ENG 106: 1020 (Pathway); Fall 2017","Code":"Pathway.2017.Fall.ENG  106.1020","Type":{"Id":3,"Code":"Course Offering","Name":"Course Offering"}},{"Identifier":"88145","Name":"ENG 106: 1021 (Pathway); Fall 2017","Code":"Pathway.2017.Fall.ENG  106.1021","Type":{"Id":3,"Code":"Course Offering","Name":"Course Offering"}},{"Identifier":"88146","Name":"ENG 106: 1022 (Pathway); Fall 2017","Code":"Pathway.2017.Fall.ENG  106.1022","Type":{"Id":3,"Code":"Course Offering","Name":"Course Offering"}},{"Identifier":"88147","Name":"ENG 106L: 1001 (Pathway); Fall 2017","Code":"Pathway.2017.Fall.ENG  106L.1001","Type":{"Id":3,"Code":"Course Offering","Name":"Course Offering"}},{"Identifier":"88148","Name":"ENG 106L: 1002 (Pathway); Fall 2017","Code":"Pathway.2017.Fall.ENG  106L.1002","Type":{"Id":3,"Code":"Course Offering","Name":"Course Offering"}},{"Identifier":"88149","Name":"ENG 106L: 1003 (Pathway); Fall 2017","Code":"Pathway.2017.Fall.ENG  106L.1003","Type":{"Id":3,"Code":"Course Offering","Name":"Course Offering"}},{"Identifier":"88150","Name":"ENG 106L: 1004 (Pathway); Fall 2017","Code":"Pathway.2017.Fall.ENG  106L.1004","Type":{"Id":3,"Code":"Course Offering","Name":"Course Offering"}},{"Identifier":"88151","Name":"ENG 106L: 1005 (Pathway); Fall 2017","Code":"Pathway.2017.Fall.ENG  106L.1005","Type":{"Id":3,"Code":"Course Offering","Name":"Course Offering"}},{"Identifier":"88152","Name":"ENG 106L: 1006 (Pathway); Fall 2017","Code":"Pathway.2017.Fall.ENG  106L.1006","Type":{"Id":3,"Code":"Course Offering","Name":"Course Offering"}},{"Identifier":"88153","Name":"ENG 106L: 1007 (Pathway); Fall 2017","Code":"Pathway.2017.Fall.ENG  106L.1007","Type":{"Id":3,"Code":"Course Offering","Name":"Course Offering"}},{"Identifier":"88154","Name":"ENG 106L: 1008 (Pathway); Fall 2017","Code":"Pathway.2017.Fall.ENG  106L.1008","Type":{"Id":3,"Code":"Course Offering","Name":"Course Offering"}},{"Identifier":"88161","Name":"ENG 106L: 1009 (Pathway); Fall 2017","Code":"Pathway.2017.Fall.ENG  106L.1009","Type":{"Id":3,"Code":"Course Offering","Name":"Course Offering"}},{"Identifier":"88169","Name":"ENG 106L: 1010 (Pathway); Fall 2017","Code":"Pathway.2017.Fall.ENG  106L.1010","Type":{"Id":3,"Code":"Course Offering","Name":"Course Offering"}},{"Identifier":"88170","Name":"ENG 106L: 1011 (Pathway); Fall 2017","Code":"Pathway.2017.Fall.ENG  106L.1011","Type":{"Id":3,"Code":"Course Offering","Name":"Course Offering"}},{"Identifier":"88171","Name":"ENG 106L: 1012 (Pathway); Fall 2017","Code":"Pathway.2017.Fall.ENG  106L.1012","Type":{"Id":3,"Code":"Course Offering","Name":"Course Offering"}},{"Identifier":"88172","Name":"ENG 106L: 1013 (Pathway); Fall 2017","Code":"Pathway.2017.Fall.ENG  106L.1013","Type":{"Id":3,"Code":"Course Offering","Name":"Course Offering"}},{"Identifier":"88173","Name":"ENG 106L: 1014 (Pathway); Fall 2017","Code":"Pathway.2017.Fall.ENG  106L.1014","Type":{"Id":3,"Code":"Course Offering","Name":"Course Offering"}},{"Identifier":"88174","Name":"FDREL 121: 1001 (Pathway); Fall 2017","Code":"Pathway.2017.Fall.FDREL121.1001","Type":{"Id":3,"Code":"Course Offering","Name":"Course Offering"}},{"Identifier":"88175","Name":"FDREL 121: 1002 (Pathway); Fall 2017","Code":"Pathway.2017.Fall.FDREL121.1002","Type":{"Id":3,"Code":"Course Offering","Name":"Course Offering"}},{"Identifier":"88186","Name":"FDREL 121: 1004 (Pathway); Fall 2017","Code":"Pathway.2017.Fall.FDREL121.1004","Type":{"Id":3,"Code":"Course Offering","Name":"Course Offering"}},{"Identifier":"88187","Name":"FDREL 121: 1005 (Pathway); Fall 2017","Code":"Pathway.2017.Fall.FDREL121.1005","Type":{"Id":3,"Code":"Course Offering","Name":"Course Offering"}},{"Identifier":"88188","Name":"FDREL 121: 1006 (Pathway); Fall 2017","Code":"Pathway.2017.Fall.FDREL121.1006","Type":{"Id":3,"Code":"Course Offering","Name":"Course Offering"}},{"Identifier":"88189","Name":"FDREL 121: 1007 (Pathway); Fall 2017","Code":"Pathway.2017.Fall.FDREL121.1007","Type":{"Id":3,"Code":"Course Offering","Name":"Course Offering"}},{"Identifier":"88190","Name":"FDREL 121: 1008 (Pathway); Fall 2017","Code":"Pathway.2017.Fall.FDREL121.1008","Type":{"Id":3,"Code":"Course Offering","Name":"Course Offering"}},{"Identifier":"88191","Name":"FDREL 121: 1009 (Pathway); Fall 2017","Code":"Pathway.2017.Fall.FDREL121.1009","Type":{"Id":3,"Code":"Course Offering","Name":"Course Offering"}},{"Identifier":"88192","Name":"FDREL 121: 1010 (Pathway); Fall 2017","Code":"Pathway.2017.Fall.FDREL121.1010","Type":{"Id":3,"Code":"Course Offering","Name":"Course Offering"}},{"Identifier":"88193","Name":"FDREL 121: 1011 (Pathway); Fall 2017","Code":"Pathway.2017.Fall.FDREL121.1011","Type":{"Id":3,"Code":"Course Offering","Name":"Course Offering"}},{"Identifier":"88194","Name":"FDREL 121: 1012 (Pathway); Fall 2017","Code":"Pathway.2017.Fall.FDREL121.1012","Type":{"Id":3,"Code":"Course Offering","Name":"Course Offering"}},{"Identifier":"88212","Name":"FDREL 121: 1013 (Pathway); Fall 2017","Code":"Pathway.2017.Fall.FDREL121.1013","Type":{"Id":3,"Code":"Course Offering","Name":"Course Offering"}},{"Identifier":"88213","Name":"FDREL 250: 1014 (Pathway); Fall 2017","Code":"Pathway.2017.Fall.FDREL250.1014","Type":{"Id":3,"Code":"Course Offering","Name":"Course Offering"}},{"Identifier":"88214","Name":"FDREL 121: 1015 (Pathway); Fall 2017","Code":"Pathway.2017.Fall.FDREL121.1015","Type":{"Id":3,"Code":"Course Offering","Name":"Course Offering"}},{"Identifier":"88215","Name":"FDREL 121: 1016 (Pathway); Fall 2017","Code":"Pathway.2017.Fall.FDREL121.1016","Type":{"Id":3,"Code":"Course Offering","Name":"Course Offering"}},{"Identifier":"88216","Name":"FDREL 121: 1017 (Pathway); Fall 2017","Code":"Pathway.2017.Fall.FDREL121.1017","Type":{"Id":3,"Code":"Course Offering","Name":"Course Offering"}},{"Identifier":"88217","Name":"FDREL 121: 1018 (Pathway); Fall 2017","Code":"Pathway.2017.Fall.FDREL121.1018","Type":{"Id":3,"Code":"Course Offering","Name":"Course Offering"}},{"Identifier":"88218","Name":"FDREL 121: 1019 (Pathway); Fall 2017","Code":"Pathway.2017.Fall.FDREL121.1019","Type":{"Id":3,"Code":"Course Offering","Name":"Course Offering"}},{"Identifier":"88219","Name":"FDREL 121: 1020 (Pathway); Fall 2017","Code":"Pathway.2017.Fall.FDREL121.1020","Type":{"Id":3,"Code":"Course Offering","Name":"Course Offering"}},{"Identifier":"88225","Name":"FDREL 121: 1021 (Pathway); Fall 2017","Code":"Pathway.2017.Fall.FDREL121.1021","Type":{"Id":3,"Code":"Course Offering","Name":"Course Offering"}},{"Identifier":"88231","Name":"FDREL 121: 1022 (Pathway); Fall 2017","Code":"Pathway.2017.Fall.FDREL121.1022","Type":{"Id":3,"Code":"Course Offering","Name":"Course Offering"}},{"Identifier":"88232","Name":"FDREL 121: 1023 (Pathway); Fall 2017","Code":"Pathway.2017.Fall.FDREL121.1023","Type":{"Id":3,"Code":"Course Offering","Name":"Course Offering"}},{"Identifier":"88233","Name":"FDREL 121: 1024 (Pathway); Fall 2017","Code":"Pathway.2017.Fall.FDREL121.1024","Type":{"Id":3,"Code":"Course Offering","Name":"Course Offering"}},{"Identifier":"88234","Name":"FDREL 121: 1025 (Pathway); Fall 2017","Code":"Pathway.2017.Fall.FDREL121.1025","Type":{"Id":3,"Code":"Course Offering","Name":"Course Offering"}},{"Identifier":"88235","Name":"FDREL 121: 1026 (Pathway); Fall 2017","Code":"Pathway.2017.Fall.FDREL121.1026","Type":{"Id":3,"Code":"Course Offering","Name":"Course Offering"}},{"Identifier":"88236","Name":"FDREL 121: 1027 (Pathway); Fall 2017","Code":"Pathway.2017.Fall.FDREL121.1027","Type":{"Id":3,"Code":"Course Offering","Name":"Course Offering"}},{"Identifier":"88237","Name":"FDREL 121: 1029 (Pathway); Fall 2017","Code":"Pathway.2017.Fall.FDREL121.1029","Type":{"Id":3,"Code":"Course Offering","Name":"Course Offering"}},{"Identifier":"88238","Name":"FDREL 121: 1030 (Pathway); Fall 2017","Code":"Pathway.2017.Fall.FDREL121.1030","Type":{"Id":3,"Code":"Course Offering","Name":"Course Offering"}},{"Identifier":"88239","Name":"FDREL 121: 1031 (Pathway); Fall 2017","Code":"Pathway.2017.Fall.FDREL121.1031","Type":{"Id":3,"Code":"Course Offering","Name":"Course Offering"}},{"Identifier":"88240","Name":"FDREL 121: 1032 (Pathway); Fall 2017","Code":"Pathway.2017.Fall.FDREL121.1032","Type":{"Id":3,"Code":"Course Offering","Name":"Course Offering"}},{"Identifier":"88241","Name":"FDREL 121: 1033 (Pathway); Fall 2017","Code":"Pathway.2017.Fall.FDREL121.1033","Type":{"Id":3,"Code":"Course Offering","Name":"Course Offering"}},{"Identifier":"88242","Name":"FDREL 121: 1034 (Pathway); Fall 2017","Code":"Pathway.2017.Fall.FDREL121.1034","Type":{"Id":3,"Code":"Course Offering","Name":"Course Offering"}},{"Identifier":"88243","Name":"FDREL 121: 1035 (Pathway); Fall 2017","Code":"Pathway.2017.Fall.FDREL121.1035","Type":{"Id":3,"Code":"Course Offering","Name":"Course Offering"}},{"Identifier":"88244","Name":"FDREL 121: 1036 (Pathway); Fall 2017","Code":"Pathway.2017.Fall.FDREL121.1036","Type":{"Id":3,"Code":"Course Offering","Name":"Course Offering"}},{"Identifier":"88245","Name":"FDREL 121: 1037 (Pathway); Fall 2017","Code":"Pathway.2017.Fall.FDREL121.1037","Type":{"Id":3,"Code":"Course Offering","Name":"Course Offering"}},{"Identifier":"88246","Name":"FDREL 121: 1038 (Pathway); Fall 2017","Code":"Pathway.2017.Fall.FDREL121.1038","Type":{"Id":3,"Code":"Course Offering","Name":"Course Offering"}},{"Identifier":"88247","Name":"FDREL 121: 1039 (Pathway); Fall 2017","Code":"Pathway.2017.Fall.FDREL121.1039","Type":{"Id":3,"Code":"Course Offering","Name":"Course Offering"}},{"Identifier":"88248","Name":"FDREL 121: 1040 (Pathway); Fall 2017","Code":"Pathway.2017.Fall.FDREL121.1040","Type":{"Id":3,"Code":"Course Offering","Name":"Course Offering"}},{"Identifier":"88249","Name":"FDREL 121: 1041 (Pathway); Fall 2017","Code":"Pathway.2017.Fall.FDREL121.1041","Type":{"Id":3,"Code":"Course Offering","Name":"Course Offering"}},{"Identifier":"88250","Name":"FDREL 121: 1042 (Pathway); Fall 2017","Code":"Pathway.2017.Fall.FDREL121.1042","Type":{"Id":3,"Code":"Course Offering","Name":"Course Offering"}},{"Identifier":"88251","Name":"FDREL 121: 1043 (Pathway); Fall 2017","Code":"Pathway.2017.Fall.FDREL121.1043","Type":{"Id":3,"Code":"Course Offering","Name":"Course Offering"}},{"Identifier":"88252","Name":"FDREL 121: 1044 (Pathway); Fall 2017","Code":"Pathway.2017.Fall.FDREL121.1044","Type":{"Id":3,"Code":"Course Offering","Name":"Course Offering"}},{"Identifier":"88253","Name":"FDREL 121: 1045 (Pathway); Fall 2017","Code":"Pathway.2017.Fall.FDREL121.1045","Type":{"Id":3,"Code":"Course Offering","Name":"Course Offering"}},{"Identifier":"88254","Name":"FDREL 121: 1046 (Pathway); Fall 2017","Code":"Pathway.2017.Fall.FDREL121.1046","Type":{"Id":3,"Code":"Course Offering","Name":"Course Offering"}},{"Identifier":"88265","Name":"FDREL 121: 1047 (Pathway); Fall 2017","Code":"Pathway.2017.Fall.FDREL121.1047","Type":{"Id":3,"Code":"Course Offering","Name":"Course Offering"}},{"Identifier":"88275","Name":"FDREL 121: 1048 (Pathway); Fall 2017","Code":"Pathway.2017.Fall.FDREL121.1048","Type":{"Id":3,"Code":"Course Offering","Name":"Course Offering"}},{"Identifier":"88287","Name":"FDREL 121: 1049 (Pathway); Fall 2017","Code":"Pathway.2017.Fall.FDREL121.1049","Type":{"Id":3,"Code":"Course Offering","Name":"Course Offering"}},{"Identifier":"88298","Name":"FDREL 121: 1050 (Pathway); Fall 2017","Code":"Pathway.2017.Fall.FDREL121.1050","Type":{"Id":3,"Code":"Course Offering","Name":"Course Offering"}},{"Identifier":"88299","Name":"FDREL 121: 1051 (Pathway); Fall 2017","Code":"Pathway.2017.Fall.FDREL121.1051","Type":{"Id":3,"Code":"Course Offering","Name":"Course Offering"}},{"Identifier":"88300","Name":"FDREL 121: 1052 (Pathway); Fall 2017","Code":"Pathway.2017.Fall.FDREL121.1052","Type":{"Id":3,"Code":"Course Offering","Name":"Course Offering"}},{"Identifier":"88301","Name":"FDREL 121: 1053 (Pathway); Fall 2017","Code":"Pathway.2017.Fall.FDREL121.1053","Type":{"Id":3,"Code":"Course Offering","Name":"Course Offering"}},{"Identifier":"88302","Name":"FDREL 121: 1054 (Pathway); Fall 2017","Code":"Pathway.2017.Fall.FDREL121.1054","Type":{"Id":3,"Code":"Course Offering","Name":"Course Offering"}},{"Identifier":"88303","Name":"FDREL 121: 1055 (Pathway); Fall 2017","Code":"Pathway.2017.Fall.FDREL121.1055","Type":{"Id":3,"Code":"Course Offering","Name":"Course Offering"}},{"Identifier":"88304","Name":"FDREL 121: 1056 (Pathway); Fall 2017","Code":"Pathway.2017.Fall.FDREL121.1056","Type":{"Id":3,"Code":"Course Offering","Name":"Course Offering"}},{"Identifier":"88305","Name":"FDREL 121: 1057 (Pathway); Fall 2017","Code":"Pathway.2017.Fall.FDREL121.1057","Type":{"Id":3,"Code":"Course Offering","Name":"Course Offering"}},{"Identifier":"88306","Name":"FDREL 121: 1058 (Pathway); Fall 2017","Code":"Pathway.2017.Fall.FDREL121.1058","Type":{"Id":3,"Code":"Course Offering","Name":"Course Offering"}},{"Identifier":"88307","Name":"FDREL 121: 1059 (Pathway); Fall 2017","Code":"Pathway.2017.Fall.FDREL121.1059","Type":{"Id":3,"Code":"Course Offering","Name":"Course Offering"}},{"Identifier":"88308","Name":"FDREL 250: 1060 (Pathway); Fall 2017","Code":"Pathway.2017.Fall.FDREL250.1060","Type":{"Id":3,"Code":"Course Offering","Name":"Course Offering"}},{"Identifier":"88309","Name":"FDREL 121: 1061 (Pathway); Fall 2017","Code":"Pathway.2017.Fall.FDREL121.1061","Type":{"Id":3,"Code":"Course Offering","Name":"Course Offering"}},{"Identifier":"88310","Name":"FDREL 121: 1062 (Pathway); Fall 2017","Code":"Pathway.2017.Fall.FDREL121.1062","Type":{"Id":3,"Code":"Course Offering","Name":"Course Offering"}},{"Identifier":"88311","Name":"FDREL 121: 1065 (Pathway); Fall 2017","Code":"Pathway.2017.Fall.FDREL121.1065","Type":{"Id":3,"Code":"Course Offering","Name":"Course Offering"}},{"Identifier":"88322","Name":"FDREL 121: 1066 (Pathway); Fall 2017","Code":"Pathway.2017.Fall.FDREL121.1066","Type":{"Id":3,"Code":"Course Offering","Name":"Course Offering"}},{"Identifier":"88323","Name":"FDREL 121: 1067 (Pathway); Fall 2017","Code":"Pathway.2017.Fall.FDREL121.1067","Type":{"Id":3,"Code":"Course Offering","Name":"Course Offering"}},{"Identifier":"88324","Name":"FDREL 121: 1068 (Pathway); Fall 2017","Code":"Pathway.2017.Fall.FDREL121.1068","Type":{"Id":3,"Code":"Course Offering","Name":"Course Offering"}},{"Identifier":"88325","Name":"FDREL 121: 1069 (Pathway); Fall 2017","Code":"Pathway.2017.Fall.FDREL121.1069","Type":{"Id":3,"Code":"Course Offering","Name":"Course Offering"}},{"Identifier":"88326","Name":"FDREL 121: 1070 (Pathway); Fall 2017","Code":"Pathway.2017.Fall.FDREL121.1070","Type":{"Id":3,"Code":"Course Offering","Name":"Course Offering"}},{"Identifier":"88327","Name":"FDREL 121: 1071 (Pathway); Fall 2017","Code":"Pathway.2017.Fall.FDREL121.1071","Type":{"Id":3,"Code":"Course Offering","Name":"Course Offering"}},{"Identifier":"88328","Name":"FDREL 121: 1072 (Pathway); Fall 2017","Code":"Pathway.2017.Fall.FDREL121.1072","Type":{"Id":3,"Code":"Course Offering","Name":"Course Offering"}},{"Identifier":"88329","Name":"FDREL 121: 1073 (Pathway); Fall 2017","Code":"Pathway.2017.Fall.FDREL121.1073","Type":{"Id":3,"Code":"Course Offering","Name":"Course Offering"}},{"Identifier":"88330","Name":"FDREL 121: 1074 (Pathway); Fall 2017","Code":"Pathway.2017.Fall.FDREL121.1074","Type":{"Id":3,"Code":"Course Offering","Name":"Course Offering"}},{"Identifier":"88331","Name":"FDREL 121: 1075 (Pathway); Fall 2017","Code":"Pathway.2017.Fall.FDREL121.1075","Type":{"Id":3,"Code":"Course Offering","Name":"Course Offering"}},{"Identifier":"88333","Name":"FDREL 121: 1077 (Pathway); Fall 2017","Code":"Pathway.2017.Fall.FDREL121.1077","Type":{"Id":3,"Code":"Course Offering","Name":"Course Offering"}},{"Identifier":"88334","Name":"FDREL 121: 1078 (Pathway); Fall 2017","Code":"Pathway.2017.Fall.FDREL121.1078","Type":{"Id":3,"Code":"Course Offering","Name":"Course Offering"}},{"Identifier":"88335","Name":"FDREL 121: 1079 (Pathway); Fall 2017","Code":"Pathway.2017.Fall.FDREL121.1079","Type":{"Id":3,"Code":"Course Offering","Name":"Course Offering"}},{"Identifier":"88336","Name":"FDREL 121: 1081 (Pathway); Fall 2017","Code":"Pathway.2017.Fall.FDREL121.1081","Type":{"Id":3,"Code":"Course Offering","Name":"Course Offering"}},{"Identifier":"88337","Name":"FDREL 121: 1082 (Pathway); Fall 2017","Code":"Pathway.2017.Fall.FDREL121.1082","Type":{"Id":3,"Code":"Course Offering","Name":"Course Offering"}},{"Identifier":"88338","Name":"FDREL 121: 1086 (Pathway); Fall 2017","Code":"Pathway.2017.Fall.FDREL121.1086","Type":{"Id":3,"Code":"Course Offering","Name":"Course Offering"}},{"Identifier":"88339","Name":"FDREL 121: 1087 (Pathway); Fall 2017","Code":"Pathway.2017.Fall.FDREL121.1087","Type":{"Id":3,"Code":"Course Offering","Name":"Course Offering"}},{"Identifier":"88340","Name":"FDREL 121: 1088 (Pathway); Fall 2017","Code":"Pathway.2017.Fall.FDREL121.1088","Type":{"Id":3,"Code":"Course Offering","Name":"Course Offering"}},{"Identifier":"88341","Name":"FDREL 121: 1089 (Pathway); Fall 2017","Code":"Pathway.2017.Fall.FDREL121.1089","Type":{"Id":3,"Code":"Course Offering","Name":"Course Offering"}},{"Identifier":"88342","Name":"FDREL 121: 1090 (Pathway); Fall 2017","Code":"Pathway.2017.Fall.FDREL121.1090","Type":{"Id":3,"Code":"Course Offering","Name":"Course Offering"}},{"Identifier":"88343","Name":"FDREL 121: 1091 (Pathway); Fall 2017","Code":"Pathway.2017.Fall.FDREL121.1091","Type":{"Id":3,"Code":"Course Offering","Name":"Course Offering"}},{"Identifier":"88344","Name":"FDREL 121: 1093 (Pathway); Fall 2017","Code":"Pathway.2017.Fall.FDREL121.1093","Type":{"Id":3,"Code":"Course Offering","Name":"Course Offering"}},{"Identifier":"88345","Name":"FDREL 121: 1094 (Pathway); Fall 2017","Code":"Pathway.2017.Fall.FDREL121.1094","Type":{"Id":3,"Code":"Course Offering","Name":"Course Offering"}},{"Identifier":"88346","Name":"FDREL 121: 1095 (Pathway); Fall 2017","Code":"Pathway.2017.Fall.FDREL121.1095","Type":{"Id":3,"Code":"Course Offering","Name":"Course Offering"}},{"Identifier":"88347","Name":"FDREL 121: 1096 (Pathway); Fall 2017","Code":"Pathway.2017.Fall.FDREL121.1096","Type":{"Id":3,"Code":"Course Offering","Name":"Course Offering"}},{"Identifier":"88348","Name":"FDREL 121: 1097 (Pathway); Fall 2017","Code":"Pathway.2017.Fall.FDREL121.1097","Type":{"Id":3,"Code":"Course Offering","Name":"Course Offering"}},{"Identifier":"88358","Name":"FDREL 121: 1098 (Pathway); Fall 2017","Code":"Pathway.2017.Fall.FDREL121.1098","Type":{"Id":3,"Code":"Course Offering","Name":"Course Offering"}},{"Identifier":"88367","Name":"FDREL 121: 1099 (Pathway); Fall 2017","Code":"Pathway.2017.Fall.FDREL121.1099","Type":{"Id":3,"Code":"Course Offering","Name":"Course Offering"}},{"Identifier":"88382","Name":"FDREL 121: 1102 (Pathway); Fall 2017","Code":"Pathway.2017.Fall.FDREL121.1102","Type":{"Id":3,"Code":"Course Offering","Name":"Course Offering"}},{"Identifier":"88383","Name":"FDREL 121: 1103 (Pathway); Fall 2017","Code":"Pathway.2017.Fall.FDREL121.1103","Type":{"Id":3,"Code":"Course Offering","Name":"Course Offering"}},{"Identifier":"88384","Name":"FDREL 121: 1104 (Pathway); Fall 2017","Code":"Pathway.2017.Fall.FDREL121.1104","Type":{"Id":3,"Code":"Course Offering","Name":"Course Offering"}},{"Identifier":"88395","Name":"FDREL 122: 1111 (Pathway); Fall 2017","Code":"Pathway.2017.Fall.FDREL122.1111","Type":{"Id":3,"Code":"Course Offering","Name":"Course Offering"}},{"Identifier":"88401","Name":"FDREL 122: 1112 (Pathway); Fall 2017","Code":"Pathway.2017.Fall.FDREL122.1112","Type":{"Id":3,"Code":"Course Offering","Name":"Course Offering"}},{"Identifier":"88407","Name":"GS 120: 1001 (Pathway); Fall 2017","Code":"Pathway.2017.Fall.GS   120.1001","Type":{"Id":3,"Code":"Course Offering","Name":"Course Offering"}},{"Identifier":"88408","Name":"GS 120: 1002 (Pathway); Fall 2017","Code":"Pathway.2017.Fall.GS   120.1002","Type":{"Id":3,"Code":"Course Offering","Name":"Course Offering"}},{"Identifier":"88409","Name":"GS 120: 1003 (Pathway); Fall 2017","Code":"Pathway.2017.Fall.GS   120.1003","Type":{"Id":3,"Code":"Course Offering","Name":"Course Offering"}},{"Identifier":"88410","Name":"GS 120: 1004 (Pathway); Fall 2017","Code":"Pathway.2017.Fall.GS   120.1004","Type":{"Id":3,"Code":"Course Offering","Name":"Course Offering"}},{"Identifier":"88427","Name":"GS 120: 1005 (Pathway); Fall 2017","Code":"Pathway.2017.Fall.GS   120.1005","Type":{"Id":3,"Code":"Course Offering","Name":"Course Offering"}},{"Identifier":"88428","Name":"GS 120: 1006 (Pathway); Fall 2017","Code":"Pathway.2017.Fall.GS   120.1006","Type":{"Id":3,"Code":"Course Offering","Name":"Course Offering"}},{"Identifier":"88429","Name":"GS 120: 1007 (Pathway); Fall 2017","Code":"Pathway.2017.Fall.GS   120.1007","Type":{"Id":3,"Code":"Course Offering","Name":"Course Offering"}},{"Identifier":"88430","Name":"GS 120: 1008 (Pathway); Fall 2017","Code":"Pathway.2017.Fall.GS   120.1008","Type":{"Id":3,"Code":"Course Offering","Name":"Course Offering"}},{"Identifier":"88431","Name":"GS 120: 1009 (Pathway); Fall 2017","Code":"Pathway.2017.Fall.GS   120.1009","Type":{"Id":3,"Code":"Course Offering","Name":"Course Offering"}},{"Identifier":"88432","Name":"GS 120: 1010 (Pathway); Fall 2017","Code":"Pathway.2017.Fall.GS   120.1010","Type":{"Id":3,"Code":"Course Offering","Name":"Course Offering"}},{"Identifier":"88433","Name":"GS 120: 1011 (Pathway); Fall 2017","Code":"Pathway.2017.Fall.GS   120.1011","Type":{"Id":3,"Code":"Course Offering","Name":"Course Offering"}},{"Identifier":"88434","Name":"GS 120: 1012 (Pathway); Fall 2017","Code":"Pathway.2017.Fall.GS   120.1012","Type":{"Id":3,"Code":"Course Offering","Name":"Course Offering"}},{"Identifier":"88435","Name":"GS 120: 1013 (Pathway); Fall 2017","Code":"Pathway.2017.Fall.GS   120.1013","Type":{"Id":3,"Code":"Course Offering","Name":"Course Offering"}},{"Identifier":"88436","Name":"GS 120: 1014 (Pathway); Fall 2017","Code":"Pathway.2017.Fall.GS   120.1014","Type":{"Id":3,"Code":"Course Offering","Name":"Course Offering"}},{"Identifier":"88437","Name":"GS 120: 1015 (Pathway); Fall 2017","Code":"Pathway.2017.Fall.GS   120.1015","Type":{"Id":3,"Code":"Course Offering","Name":"Course Offering"}},{"Identifier":"88438","Name":"GS 120: 1016 (Pathway); Fall 2017","Code":"Pathway.2017.Fall.GS   120.1016","Type":{"Id":3,"Code":"Course Offering","Name":"Course Offering"}},{"Identifier":"88439","Name":"GS 120: 1017 (Pathway); Fall 2017","Code":"Pathway.2017.Fall.GS   120.1017","Type":{"Id":3,"Code":"Course Offering","Name":"Course Offering"}},{"Identifier":"88440","Name":"GS 120: 1018 (Pathway); Fall 2017","Code":"Pathway.2017.Fall.GS   120.1018","Type":{"Id":3,"Code":"Course Offering","Name":"Course Offering"}},{"Identifier":"88441","Name":"GS 120: 1019 (Pathway); Fall 2017","Code":"Pathway.2017.Fall.GS   120.1019","Type":{"Id":3,"Code":"Course Offering","Name":"Course Offering"}},{"Identifier":"88442","Name":"GS 120: 1020 (Pathway); Fall 2017","Code":"Pathway.2017.Fall.GS   120.1020","Type":{"Id":3,"Code":"Course Offering","Name":"Course Offering"}},{"Identifier":"88443","Name":"GS 120: 1021 (Pathway); Fall 2017","Code":"Pathway.2017.Fall.GS   120.1021","Type":{"Id":3,"Code":"Course Offering","Name":"Course Offering"}},{"Identifier":"88444","Name":"GS 120: 1022 (Pathway); Fall 2017","Code":"Pathway.2017.Fall.GS   120.1022","Type":{"Id":3,"Code":"Course Offering","Name":"Course Offering"}},{"Identifier":"88445","Name":"GS 120: 1023 (Pathway); Fall 2017","Code":"Pathway.2017.Fall.GS   120.1023","Type":{"Id":3,"Code":"Course Offering","Name":"Course Offering"}},{"Identifier":"88446","Name":"GS 120: 1024 (Pathway); Fall 2017","Code":"Pathway.2017.Fall.GS   120.1024","Type":{"Id":3,"Code":"Course Offering","Name":"Course Offering"}},{"Identifier":"88447","Name":"GS 120: 1025 (Pathway); Fall 2017","Code":"Pathway.2017.Fall.GS   120.1025","Type":{"Id":3,"Code":"Course Offering","Name":"Course Offering"}},{"Identifier":"88448","Name":"GS 120: 1026 (Pathway); Fall 2017","Code":"Pathway.2017.Fall.GS   120.1026","Type":{"Id":3,"Code":"Course Offering","Name":"Course Offering"}},{"Identifier":"88449","Name":"GS 120: 1027 (Pathway); Fall 2017","Code":"Pathway.2017.Fall.GS   120.1027","Type":{"Id":3,"Code":"Course Offering","Name":"Course Offering"}},{"Identifier":"88450","Name":"GS 120: 1028 (Pathway); Fall 2017","Code":"Pathway.2017.Fall.GS   120.1028","Type":{"Id":3,"Code":"Course Offering","Name":"Course Offering"}},{"Identifier":"88451","Name":"GS 120: 1029 (Pathway); Fall 2017","Code":"Pathway.2017.Fall.GS   120.1029","Type":{"Id":3,"Code":"Course Offering","Name":"Course Offering"}},{"Identifier":"88452","Name":"GS 120: 1030 (Pathway); Fall 2017","Code":"Pathway.2017.Fall.GS   120.1030","Type":{"Id":3,"Code":"Course Offering","Name":"Course Offering"}},{"Identifier":"88453","Name":"GS 120: 1031 (Pathway); Fall 2017","Code":"Pathway.2017.Fall.GS   120.1031","Type":{"Id":3,"Code":"Course Offering","Name":"Course Offering"}},{"Identifier":"88454","Name":"GS 120: 1032 (Pathway); Fall 2017","Code":"Pathway.2017.Fall.GS   120.1032","Type":{"Id":3,"Code":"Course Offering","Name":"Course Offering"}},{"Identifier":"88455","Name":"GS 120: 1033 (Pathway); Fall 2017","Code":"Pathway.2017.Fall.GS   120.1033","Type":{"Id":3,"Code":"Course Offering","Name":"Course Offering"}},{"Identifier":"88456","Name":"GS 120: 1034 (Pathway); Fall 2017","Code":"Pathway.2017.Fall.GS   120.1034","Type":{"Id":3,"Code":"Course Offering","Name":"Course Offering"}},{"Identifier":"88457","Name":"GS 120: 1035 (Pathway); Fall 2017","Code":"Pathway.2017.Fall.GS   120.1035","Type":{"Id":3,"Code":"Course Offering","Name":"Course Offering"}},{"Identifier":"88458","Name":"GS 120: 1036 (Pathway); Fall 2017","Code":"Pathway.2017.Fall.GS   120.1036","Type":{"Id":3,"Code":"Course Offering","Name":"Course Offering"}},{"Identifier":"88469","Name":"GS 120: 1037 (Pathway); Fall 2017","Code":"Pathway.2017.Fall.GS   120.1037","Type":{"Id":3,"Code":"Course Offering","Name":"Course Offering"}},{"Identifier":"88470","Name":"GS 120: 1038 (Pathway); Fall 2017","Code":"Pathway.2017.Fall.GS   120.1038","Type":{"Id":3,"Code":"Course Offering","Name":"Course Offering"}},{"Identifier":"88476","Name":"GS 120: 1039 (Pathway); Fall 2017","Code":"Pathway.2017.Fall.GS   120.1039","Type":{"Id":3,"Code":"Course Offering","Name":"Course Offering"}},{"Identifier":"88489","Name":"GS 120: 1040 (Pathway); Fall 2017","Code":"Pathway.2017.Fall.GS   120.1040","Type":{"Id":3,"Code":"Course Offering","Name":"Course Offering"}},{"Identifier":"88490","Name":"GS 120: 1041 (Pathway); Fall 2017","Code":"Pathway.2017.Fall.GS   120.1041","Type":{"Id":3,"Code":"Course Offering","Name":"Course Offering"}},{"Identifier":"88491","Name":"GS 120: 1042 (Pathway); Fall 2017","Code":"Pathway.2017.Fall.GS   120.1042","Type":{"Id":3,"Code":"Course Offering","Name":"Course Offering"}},{"Identifier":"88492","Name":"GS 120: 1043 (Pathway); Fall 2017","Code":"Pathway.2017.Fall.GS   120.1043","Type":{"Id":3,"Code":"Course Offering","Name":"Course Offering"}},{"Identifier":"88493","Name":"GS 120: 1044 (Pathway); Fall 2017","Code":"Pathway.2017.Fall.GS   120.1044","Type":{"Id":3,"Code":"Course Offering","Name":"Course Offering"}},{"Identifier":"88494","Name":"GS 120: 1045 (Pathway); Fall 2017","Code":"Pathway.2017.Fall.GS   120.1045","Type":{"Id":3,"Code":"Course Offering","Name":"Course Offering"}},{"Identifier":"88495","Name":"GS 120: 1046 (Pathway); Fall 2017","Code":"Pathway.2017.Fall.GS   120.1046","Type":{"Id":3,"Code":"Course Offering","Name":"Course Offering"}},{"Identifier":"88496","Name":"GS 120: 1047 (Pathway); Fall 2017","Code":"Pathway.2017.Fall.GS   120.1047","Type":{"Id":3,"Code":"Course Offering","Name":"Course Offering"}},{"Identifier":"88497","Name":"GS 120: 1048 (Pathway); Fall 2017","Code":"Pathway.2017.Fall.GS   120.1048","Type":{"Id":3,"Code":"Course Offering","Name":"Course Offering"}},{"Identifier":"88498","Name":"GS 120: 1049 (Pathway); Fall 2017","Code":"Pathway.2017.Fall.GS   120.1049","Type":{"Id":3,"Code":"Course Offering","Name":"Course Offering"}},{"Identifier":"88499","Name":"GS 120: 1050 (Pathway); Fall 2017","Code":"Pathway.2017.Fall.GS   120.1050","Type":{"Id":3,"Code":"Course Offering","Name":"Course Offering"}},{"Identifier":"88500","Name":"GS 120: 1051 (Pathway); Fall 2017","Code":"Pathway.2017.Fall.GS   120.1051","Type":{"Id":3,"Code":"Course Offering","Name":"Course Offering"}},{"Identifier":"88501","Name":"GS 120: 1052 (Pathway); Fall 2017","Code":"Pathway.2017.Fall.GS   120.1052","Type":{"Id":3,"Code":"Course Offering","Name":"Course Offering"}},{"Identifier":"88502","Name":"GS 120: 1053 (Pathway); Fall 2017","Code":"Pathway.2017.Fall.GS   120.1053","Type":{"Id":3,"Code":"Course Offering","Name":"Course Offering"}},{"Identifier":"88503","Name":"GS 120: 1054 (Pathway); Fall 2017","Code":"Pathway.2017.Fall.GS   120.1054","Type":{"Id":3,"Code":"Course Offering","Name":"Course Offering"}},{"Identifier":"88504","Name":"GS 120: 1055 (Pathway); Fall 2017","Code":"Pathway.2017.Fall.GS   120.1055","Type":{"Id":3,"Code":"Course Offering","Name":"Course Offering"}},{"Identifier":"88505","Name":"GS 120: 1056 (Pathway); Fall 2017","Code":"Pathway.2017.Fall.GS   120.1056","Type":{"Id":3,"Code":"Course Offering","Name":"Course Offering"}},{"Identifier":"88506","Name":"GS 120: 1057 (Pathway); Fall 2017","Code":"Pathway.2017.Fall.GS   120.1057","Type":{"Id":3,"Code":"Course Offering","Name":"Course Offering"}},{"Identifier":"88512","Name":"GS 120: 1058 (Pathway); Fall 2017","Code":"Pathway.2017.Fall.GS   120.1058","Type":{"Id":3,"Code":"Course Offering","Name":"Course Offering"}},{"Identifier":"88524","Name":"GS 120: 1059 (Pathway); Fall 2017","Code":"Pathway.2017.Fall.GS   120.1059","Type":{"Id":3,"Code":"Course Offering","Name":"Course Offering"}},{"Identifier":"88525","Name":"GS 120: 1060 (Pathway); Fall 2017","Code":"Pathway.2017.Fall.GS   120.1060","Type":{"Id":3,"Code":"Course Offering","Name":"Course Offering"}},{"Identifier":"88526","Name":"GS 120: 1061 (Pathway); Fall 2017","Code":"Pathway.2017.Fall.GS   120.1061","Type":{"Id":3,"Code":"Course Offering","Name":"Course Offering"}},{"Identifier":"88527","Name":"GS 120: 1062 (Pathway); Fall 2017","Code":"Pathway.2017.Fall.GS   120.1062","Type":{"Id":3,"Code":"Course Offering","Name":"Course Offering"}},{"Identifier":"88528","Name":"GS 120: 1063 (Pathway); Fall 2017","Code":"Pathway.2017.Fall.GS   120.1063","Type":{"Id":3,"Code":"Course Offering","Name":"Course Offering"}},{"Identifier":"88529","Name":"GS 120: 1064 (Pathway); Fall 2017","Code":"Pathway.2017.Fall.GS   120.1064","Type":{"Id":3,"Code":"Course Offering","Name":"Course Offering"}},{"Identifier":"88530","Name":"GS 120: 1065 (Pathway); Fall 2017","Code":"Pathway.2017.Fall.GS   120.1065","Type":{"Id":3,"Code":"Course Offering","Name":"Course Offering"}},{"Identifier":"88531","Name":"GS 120: 1066 (Pathway); Fall 2017","Code":"Pathway.2017.Fall.GS   120.1066","Type":{"Id":3,"Code":"Course Offering","Name":"Course Offering"}},{"Identifier":"88532","Name":"GS 120: 1067 (Pathway); Fall 2017","Code":"Pathway.2017.Fall.GS   120.1067","Type":{"Id":3,"Code":"Course Offering","Name":"Course Offering"}},{"Identifier":"88533","Name":"GS 120: 1068 (Pathway); Fall 2017","Code":"Pathway.2017.Fall.GS   120.1068","Type":{"Id":3,"Code":"Course Offering","Name":"Course Offering"}},{"Identifier":"88534","Name":"GS 120: 1069 (Pathway); Fall 2017","Code":"Pathway.2017.Fall.GS   120.1069","Type":{"Id":3,"Code":"Course Offering","Name":"Course Offering"}},{"Identifier":"88535","Name":"GS 120: 1070 (Pathway); Fall 2017","Code":"Pathway.2017.Fall.GS   120.1070","Type":{"Id":3,"Code":"Course Offering","Name":"Course Offering"}},{"Identifier":"88536","Name":"GS 120: 1071 (Pathway); Fall 2017","Code":"Pathway.2017.Fall.GS   120.1071","Type":{"Id":3,"Code":"Course Offering","Name":"Course Offering"}},{"Identifier":"88537","Name":"GS 120: 1072 (Pathway); Fall 2017","Code":"Pathway.2017.Fall.GS   120.1072","Type":{"Id":3,"Code":"Course Offering","Name":"Course Offering"}},{"Identifier":"88538","Name":"GS 120: 1073 (Pathway); Fall 2017","Code":"Pathway.2017.Fall.GS   120.1073","Type":{"Id":3,"Code":"Course Offering","Name":"Course Offering"}},{"Identifier":"88539","Name":"GS 120: 1074 (Pathway); Fall 2017","Code":"Pathway.2017.Fall.GS   120.1074","Type":{"Id":3,"Code":"Course Offering","Name":"Course Offering"}},{"Identifier":"88540","Name":"GS 120: 1075 (Pathway); Fall 2017","Code":"Pathway.2017.Fall.GS   120.1075","Type":{"Id":3,"Code":"Course Offering","Name":"Course Offering"}},{"Identifier":"88541","Name":"GS 120: 1076 (Pathway); Fall 2017","Code":"Pathway.2017.Fall.GS   120.1076","Type":{"Id":3,"Code":"Course Offering","Name":"Course Offering"}},{"Identifier":"88542","Name":"GS 120: 1077 (Pathway); Fall 2017","Code":"Pathway.2017.Fall.GS   120.1077","Type":{"Id":3,"Code":"Course Offering","Name":"Course Offering"}},{"Identifier":"88543","Name":"GS 120: 1078 (Pathway); Fall 2017","Code":"Pathway.2017.Fall.GS   120.1078","Type":{"Id":3,"Code":"Course Offering","Name":"Course Offering"}},{"Identifier":"88544","Name":"GS 120: 1079 (Pathway); Fall 2017","Code":"Pathway.2017.Fall.GS   120.1079","Type":{"Id":3,"Code":"Course Offering","Name":"Course Offering"}},{"Identifier":"88545","Name":"GS 120: 1080 (Pathway); Fall 2017","Code":"Pathway.2017.Fall.GS   120.1080","Type":{"Id":3,"Code":"Course Offering","Name":"Course Offering"}},{"Identifier":"88546","Name":"GS 120: 1081 (Pathway); Fall 2017","Code":"Pathway.2017.Fall.GS   120.1081","Type":{"Id":3,"Code":"Course Offering","Name":"Course Offering"}},{"Identifier":"88547","Name":"GS 120: 1082 (Pathway); Fall 2017","Code":"Pathway.2017.Fall.GS   120.1082","Type":{"Id":3,"Code":"Course Offering","Name":"Course Offering"}},{"Identifier":"88548","Name":"GS 120: 1083 (Pathway); Fall 2017","Code":"Pathway.2017.Fall.GS   120.1083","Type":{"Id":3,"Code":"Course Offering","Name":"Course Offering"}},{"Identifier":"88549","Name":"GS 120: 1084 (Pathway); Fall 2017","Code":"Pathway.2017.Fall.GS   120.1084","Type":{"Id":3,"Code":"Course Offering","Name":"Course Offering"}},{"Identifier":"88550","Name":"GS 120: 1085 (Pathway); Fall 2017","Code":"Pathway.2017.Fall.GS   120.1085","Type":{"Id":3,"Code":"Course Offering","Name":"Course Offering"}},{"Identifier":"88551","Name":"GS 120: 1086 (Pathway); Fall 2017","Code":"Pathway.2017.Fall.GS   120.1086","Type":{"Id":3,"Code":"Course Offering","Name":"Course Offering"}},{"Identifier":"88572","Name":"GS 120: 1087 (Pathway); Fall 2017","Code":"Pathway.2017.Fall.GS   120.1087","Type":{"Id":3,"Code":"Course Offering","Name":"Course Offering"}},{"Identifier":"88573","Name":"GS 120: 1088 (Pathway); Fall 2017","Code":"Pathway.2017.Fall.GS   120.1088","Type":{"Id":3,"Code":"Course Offering","Name":"Course Offering"}},{"Identifier":"88574","Name":"GS 120: 1089 (Pathway); Fall 2017","Code":"Pathway.2017.Fall.GS   120.1089","Type":{"Id":3,"Code":"Course Offering","Name":"Course Offering"}},{"Identifier":"88575","Name":"GS 120: 1090 (Pathway); Fall 2017","Code":"Pathway.2017.Fall.GS   120.1090","Type":{"Id":3,"Code":"Course Offering","Name":"Course Offering"}},{"Identifier":"88579","Name":"GS 120: 1091 (Pathway); Fall 2017","Code":"Pathway.2017.Fall.GS   120.1091","Type":{"Id":3,"Code":"Course Offering","Name":"Course Offering"}},{"Identifier":"88590","Name":"GS 120: 1092 (Pathway); Fall 2017","Code":"Pathway.2017.Fall.GS   120.1092","Type":{"Id":3,"Code":"Course Offering","Name":"Course Offering"}},{"Identifier":"88591","Name":"GS 120: 1093 (Pathway); Fall 2017","Code":"Pathway.2017.Fall.GS   120.1093","Type":{"Id":3,"Code":"Course Offering","Name":"Course Offering"}},{"Identifier":"88592","Name":"GS 120: 1094 (Pathway); Fall 2017","Code":"Pathway.2017.Fall.GS   120.1094","Type":{"Id":3,"Code":"Course Offering","Name":"Course Offering"}},{"Identifier":"88593","Name":"GS 120: 1095 (Pathway); Fall 2017","Code":"Pathway.2017.Fall.GS   120.1095","Type":{"Id":3,"Code":"Course Offering","Name":"Course Offering"}},{"Identifier":"88594","Name":"GS 120: 1096 (Pathway); Fall 2017","Code":"Pathway.2017.Fall.GS   120.1096","Type":{"Id":3,"Code":"Course Offering","Name":"Course Offering"}},{"Identifier":"88595","Name":"GS 120: 1097 (Pathway); Fall 2017","Code":"Pathway.2017.Fall.GS   120.1097","Type":{"Id":3,"Code":"Course Offering","Name":"Course Offering"}},{"Identifier":"88596","Name":"GS 120: 1098 (Pathway); Fall 2017","Code":"Pathway.2017.Fall.GS   120.1098","Type":{"Id":3,"Code":"Course Offering","Name":"Course Offering"}},{"Identifier":"88597","Name":"GS 120: 1099 (Pathway); Fall 2017","Code":"Pathway.2017.Fall.GS   120.1099","Type":{"Id":3,"Code":"Course Offering","Name":"Course Offering"}},{"Identifier":"88598","Name":"GS 120: 1100 (Pathway); Fall 2017","Code":"Pathway.2017.Fall.GS   120.1100","Type":{"Id":3,"Code":"Course Offering","Name":"Course Offering"}},{"Identifier":"88599","Name":"GS 120: 1101 (Pathway); Fall 2017","Code":"Pathway.2017.Fall.GS   120.1101","Type":{"Id":3,"Code":"Course Offering","Name":"Course Offering"}},{"Identifier":"88600","Name":"GS 120: 1102 (Pathway); Fall 2017","Code":"Pathway.2017.Fall.GS   120.1102","Type":{"Id":3,"Code":"Course Offering","Name":"Course Offering"}},{"Identifier":"88601","Name":"GS 120: 1103 (Pathway); Fall 2017","Code":"Pathway.2017.Fall.GS   120.1103","Type":{"Id":3,"Code":"Course Offering","Name":"Course Offering"}},{"Identifier":"88602","Name":"GS 120: 1104 (Pathway); Fall 2017","Code":"Pathway.2017.Fall.GS   120.1104","Type":{"Id":3,"Code":"Course Offering","Name":"Course Offering"}},{"Identifier":"88603","Name":"GS 120: 1105 (Pathway); Fall 2017","Code":"Pathway.2017.Fall.GS   120.1105","Type":{"Id":3,"Code":"Course Offering","Name":"Course Offering"}},{"Identifier":"88604","Name":"GS 120: 1106 (Pathway); Fall 2017","Code":"Pathway.2017.Fall.GS   120.1106","Type":{"Id":3,"Code":"Course Offering","Name":"Course Offering"}},{"Identifier":"88605","Name":"GS 120: 1107 (Pathway); Fall 2017","Code":"Pathway.2017.Fall.GS   120.1107","Type":{"Id":3,"Code":"Course Offering","Name":"Course Offering"}},{"Identifier":"88606","Name":"GS 120: 1108 (Pathway); Fall 2017","Code":"Pathway.2017.Fall.GS   120.1108","Type":{"Id":3,"Code":"Course Offering","Name":"Course Offering"}},{"Identifier":"88607","Name":"GS 120: 1109 (Pathway); Fall 2017","Code":"Pathway.2017.Fall.GS   120.1109","Type":{"Id":3,"Code":"Course Offering","Name":"Course Offering"}},{"Identifier":"88608","Name":"GS 120: 1110 (Pathway); Fall 2017","Code":"Pathway.2017.Fall.GS   120.1110","Type":{"Id":3,"Code":"Course Offering","Name":"Course Offering"}},{"Identifier":"88609","Name":"GS 120: 1111 (Pathway); Fall 2017","Code":"Pathway.2017.Fall.GS   120.1111","Type":{"Id":3,"Code":"Course Offering","Name":"Course Offering"}},{"Identifier":"88610","Name":"GS 120: 1112 (Pathway); Fall 2017","Code":"Pathway.2017.Fall.GS   120.1112","Type":{"Id":3,"Code":"Course Offering","Name":"Course Offering"}},{"Identifier":"88611","Name":"GS 120: 1113 (Pathway); Fall 2017","Code":"Pathway.2017.Fall.GS   120.1113","Type":{"Id":3,"Code":"Course Offering","Name":"Course Offering"}},{"Identifier":"88612","Name":"GS 120: 1114 (Pathway); Fall 2017","Code":"Pathway.2017.Fall.GS   120.1114","Type":{"Id":3,"Code":"Course Offering","Name":"Course Offering"}},{"Identifier":"88613","Name":"GS 120: 1115 (Pathway); Fall 2017","Code":"Pathway.2017.Fall.GS   120.1115","Type":{"Id":3,"Code":"Course Offering","Name":"Course Offering"}},{"Identifier":"88614","Name":"GS 120: 1116 (Pathway); Fall 2017","Code":"Pathway.2017.Fall.GS   120.1116","Type":{"Id":3,"Code":"Course Offering","Name":"Course Offering"}},{"Identifier":"88620","Name":"GS 120: 1117 (Pathway); Fall 2017","Code":"Pathway.2017.Fall.GS   120.1117","Type":{"Id":3,"Code":"Course Offering","Name":"Course Offering"}},{"Identifier":"88632","Name":"GS 120: 1118 (Pathway); Fall 2017","Code":"Pathway.2017.Fall.GS   120.1118","Type":{"Id":3,"Code":"Course Offering","Name":"Course Offering"}},{"Identifier":"88633","Name":"GS 120: 1119 (Pathway); Fall 2017","Code":"Pathway.2017.Fall.GS   120.1119","Type":{"Id":3,"Code":"Course Offering","Name":"Course Offering"}},{"Identifier":"88634","Name":"GS 120: 1120 (Pathway); Fall 2017","Code":"Pathway.2017.Fall.GS   120.1120","Type":{"Id":3,"Code":"Course Offering","Name":"Course Offering"}},{"Identifier":"88635","Name":"GS 120: 1121 (Pathway); Fall 2017","Code":"Pathway.2017.Fall.GS   120.1121","Type":{"Id":3,"Code":"Course Offering","Name":"Course Offering"}},{"Identifier":"88636","Name":"GS 120: 1122 (Pathway); Fall 2017","Code":"Pathway.2017.Fall.GS   120.1122","Type":{"Id":3,"Code":"Course Offering","Name":"Course Offering"}},{"Identifier":"88637","Name":"GS 120: 1123 (Pathway); Fall 2017","Code":"Pathway.2017.Fall.GS   120.1123","Type":{"Id":3,"Code":"Course Offering","Name":"Course Offering"}},{"Identifier":"88638","Name":"GS 120: 1124 (Pathway); Fall 2017","Code":"Pathway.2017.Fall.GS   120.1124","Type":{"Id":3,"Code":"Course Offering","Name":"Course Offering"}},{"Identifier":"88639","Name":"GS 120: 1125 (Pathway); Fall 2017","Code":"Pathway.2017.Fall.GS   120.1125","Type":{"Id":3,"Code":"Course Offering","Name":"Course Offering"}},{"Identifier":"88640","Name":"GS 120: 1126 (Pathway); Fall 2017","Code":"Pathway.2017.Fall.GS   120.1126","Type":{"Id":3,"Code":"Course Offering","Name":"Course Offering"}},{"Identifier":"88641","Name":"GS 120: 1127 (Pathway); Fall 2017","Code":"Pathway.2017.Fall.GS   120.1127","Type":{"Id":3,"Code":"Course Offering","Name":"Course Offering"}},{"Identifier":"88642","Name":"GS 120: 1128 (Pathway); Fall 2017","Code":"Pathway.2017.Fall.GS   120.1128","Type":{"Id":3,"Code":"Course Offering","Name":"Course Offering"}},{"Identifier":"88643","Name":"GS 120: 1129 (Pathway); Fall 2017","Code":"Pathway.2017.Fall.GS   120.1129","Type":{"Id":3,"Code":"Course Offering","Name":"Course Offering"}},{"Identifier":"88644","Name":"GS 120: 1130 (Pathway); Fall 2017","Code":"Pathway.2017.Fall.GS   120.1130","Type":{"Id":3,"Code":"Course Offering","Name":"Course Offering"}},{"Identifier":"88645","Name":"GS 120: 1131 (Pathway); Fall 2017","Code":"Pathway.2017.Fall.GS   120.1131","Type":{"Id":3,"Code":"Course Offering","Name":"Course Offering"}},{"Identifier":"88646","Name":"GS 120: 1132 (Pathway); Fall 2017","Code":"Pathway.2017.Fall.GS   120.1132","Type":{"Id":3,"Code":"Course Offering","Name":"Course Offering"}},{"Identifier":"88647","Name":"GS 120: 1133 (Pathway); Fall 2017","Code":"Pathway.2017.Fall.GS   120.1133","Type":{"Id":3,"Code":"Course Offering","Name":"Course Offering"}},{"Identifier":"88648","Name":"GS 120: 1134 (Pathway); Fall 2017","Code":"Pathway.2017.Fall.GS   120.1134","Type":{"Id":3,"Code":"Course Offering","Name":"Course Offering"}},{"Identifier":"88649","Name":"GS 120: 1135 (Pathway); Fall 2017","Code":"Pathway.2017.Fall.GS   120.1135","Type":{"Id":3,"Code":"Course Offering","Name":"Course Offering"}},{"Identifier":"88650","Name":"GS 120: 1136 (Pathway); Fall 2017","Code":"Pathway.2017.Fall.GS   120.1136","Type":{"Id":3,"Code":"Course Offering","Name":"Course Offering"}},{"Identifier":"88651","Name":"GS 120: 1137 (Pathway); Fall 2017","Code":"Pathway.2017.Fall.GS   120.1137","Type":{"Id":3,"Code":"Course Offering","Name":"Course Offering"}},{"Identifier":"88652","Name":"GS 120: 1138 (Pathway); Fall 2017","Code":"Pathway.2017.Fall.GS   120.1138","Type":{"Id":3,"Code":"Course Offering","Name":"Course Offering"}},{"Identifier":"88653","Name":"GS 120: 1139 (Pathway); Fall 2017","Code":"Pathway.2017.Fall.GS   120.1139","Type":{"Id":3,"Code":"Course Offering","Name":"Course Offering"}},{"Identifier":"88654","Name":"GS 120: 1140 (Pathway); Fall 2017","Code":"Pathway.2017.Fall.GS   120.1140","Type":{"Id":3,"Code":"Course Offering","Name":"Course Offering"}},{"Identifier":"88655","Name":"GS 120: 1141 (Pathway); Fall 2017","Code":"Pathway.2017.Fall.GS   120.1141","Type":{"Id":3,"Code":"Course Offering","Name":"Course Offering"}},{"Identifier":"88656","Name":"GS 120: 1142 (Pathway); Fall 2017","Code":"Pathway.2017.Fall.GS   120.1142","Type":{"Id":3,"Code":"Course Offering","Name":"Course Offering"}},{"Identifier":"88657","Name":"GS 120: 1143 (Pathway); Fall 2017","Code":"Pathway.2017.Fall.GS   120.1143","Type":{"Id":3,"Code":"Course Offering","Name":"Course Offering"}},{"Identifier":"88658","Name":"GS 120: 1144 (Pathway); Fall 2017","Code":"Pathway.2017.Fall.GS   120.1144","Type":{"Id":3,"Code":"Course Offering","Name":"Course Offering"}},{"Identifier":"88659","Name":"GS 120: 1145 (Pathway); Fall 2017","Code":"Pathway.2017.Fall.GS   120.1145","Type":{"Id":3,"Code":"Course Offering","Name":"Course Offering"}},{"Identifier":"88660","Name":"GS 120: 1146 (Pathway); Fall 2017","Code":"Pathway.2017.Fall.GS   120.1146","Type":{"Id":3,"Code":"Course Offering","Name":"Course Offering"}},{"Identifier":"88661","Name":"GS 120: 1147 (Pathway); Fall 2017","Code":"Pathway.2017.Fall.GS   120.1147","Type":{"Id":3,"Code":"Course Offering","Name":"Course Offering"}},{"Identifier":"88662","Name":"GS 120: 1148 (Pathway); Fall 2017","Code":"Pathway.2017.Fall.GS   120.1148","Type":{"Id":3,"Code":"Course Offering","Name":"Course Offering"}},{"Identifier":"88663","Name":"GS 120: 1149 (Pathway); Fall 2017","Code":"Pathway.2017.Fall.GS   120.1149","Type":{"Id":3,"Code":"Course Offering","Name":"Course Offering"}},{"Identifier":"88664","Name":"GS 120: 1150 (Pathway); Fall 2017","Code":"Pathway.2017.Fall.GS   120.1150","Type":{"Id":3,"Code":"Course Offering","Name":"Course Offering"}},{"Identifier":"88665","Name":"GS 120: 1151 (Pathway); Fall 2017","Code":"Pathway.2017.Fall.GS   120.1151","Type":{"Id":3,"Code":"Course Offering","Name":"Course Offering"}},{"Identifier":"88666","Name":"GS 120: 1152 (Pathway); Fall 2017","Code":"Pathway.2017.Fall.GS   120.1152","Type":{"Id":3,"Code":"Course Offering","Name":"Course Offering"}},{"Identifier":"88667","Name":"GS 120: 1153 (Pathway); Fall 2017","Code":"Pathway.2017.Fall.GS   120.1153","Type":{"Id":3,"Code":"Course Offering","Name":"Course Offering"}},{"Identifier":"88670","Name":"GS 120: 1156 (Pathway); Fall 2017","Code":"Pathway.2017.Fall.GS   120.1156","Type":{"Id":3,"Code":"Course Offering","Name":"Course Offering"}},{"Identifier":"88671","Name":"GS 120: 1157 (Pathway); Fall 2017","Code":"Pathway.2017.Fall.GS   120.1157","Type":{"Id":3,"Code":"Course Offering","Name":"Course Offering"}},{"Identifier":"88672","Name":"GS 120: 1158 (Pathway); Fall 2017","Code":"Pathway.2017.Fall.GS   120.1158","Type":{"Id":3,"Code":"Course Offering","Name":"Course Offering"}},{"Identifier":"88673","Name":"GS 120: 1159 (Pathway); Fall 2017","Code":"Pathway.2017.Fall.GS   120.1159","Type":{"Id":3,"Code":"Course Offering","Name":"Course Offering"}},{"Identifier":"88674","Name":"GS 120: 1160 (Pathway); Fall 2017","Code":"Pathway.2017.Fall.GS   120.1160","Type":{"Id":3,"Code":"Course Offering","Name":"Course Offering"}},{"Identifier":"88680","Name":"GS 120: 1161 (Pathway); Fall 2017","Code":"Pathway.2017.Fall.GS   120.1161","Type":{"Id":3,"Code":"Course Offering","Name":"Course Offering"}},{"Identifier":"88692","Name":"GS 120: 1162 (Pathway); Fall 2017","Code":"Pathway.2017.Fall.GS   120.1162","Type":{"Id":3,"Code":"Course Offering","Name":"Course Offering"}},{"Identifier":"88693","Name":"GS 120: 1163 (Pathway); Fall 2017","Code":"Pathway.2017.Fall.GS   120.1163","Type":{"Id":3,"Code":"Course Offering","Name":"Course Offering"}},{"Identifier":"88694","Name":"GS 120: 1164 (Pathway); Fall 2017","Code":"Pathway.2017.Fall.GS   120.1164","Type":{"Id":3,"Code":"Course Offering","Name":"Course Offering"}},{"Identifier":"88695","Name":"GS 120: 1165 (Pathway); Fall 2017","Code":"Pathway.2017.Fall.GS   120.1165","Type":{"Id":3,"Code":"Course Offering","Name":"Course Offering"}},{"Identifier":"88696","Name":"GS 120: 1166 (Pathway); Fall 2017","Code":"Pathway.2017.Fall.GS   120.1166","Type":{"Id":3,"Code":"Course Offering","Name":"Course Offering"}},{"Identifier":"88697","Name":"GS 120: 1167 (Pathway); Fall 2017","Code":"Pathway.2017.Fall.GS   120.1167","Type":{"Id":3,"Code":"Course Offering","Name":"Course Offering"}},{"Identifier":"88698","Name":"GS 120: 1168 (Pathway); Fall 2017","Code":"Pathway.2017.Fall.GS   120.1168","Type":{"Id":3,"Code":"Course Offering","Name":"Course Offering"}},{"Identifier":"88699","Name":"GS 120: 1169 (Pathway); Fall 2017","Code":"Pathway.2017.Fall.GS   120.1169","Type":{"Id":3,"Code":"Course Offering","Name":"Course Offering"}},{"Identifier":"88700","Name":"GS 120: 1170 (Pathway); Fall 2017","Code":"Pathway.2017.Fall.GS   120.1170","Type":{"Id":3,"Code":"Course Offering","Name":"Course Offering"}},{"Identifier":"88701","Name":"GS 120: 1171 (Pathway); Fall 2017","Code":"Pathway.2017.Fall.GS   120.1171","Type":{"Id":3,"Code":"Course Offering","Name":"Course Offering"}},{"Identifier":"88702","Name":"GS 120: 1172 (Pathway); Fall 2017","Code":"Pathway.2017.Fall.GS   120.1172","Type":{"Id":3,"Code":"Course Offering","Name":"Course Offering"}},{"Identifier":"88703","Name":"GS 120: 1173 (Pathway); Fall 2017","Code":"Pathway.2017.Fall.GS   120.1173","Type":{"Id":3,"Code":"Course Offering","Name":"Course Offering"}},{"Identifier":"88704","Name":"GS 120: 1174 (Pathway); Fall 2017","Code":"Pathway.2017.Fall.GS   120.1174","Type":{"Id":3,"Code":"Course Offering","Name":"Course Offering"}},{"Identifier":"88705","Name":"GS 120: 1175 (Pathway); Fall 2017","Code":"Pathway.2017.Fall.GS   120.1175","Type":{"Id":3,"Code":"Course Offering","Name":"Course Offering"}},{"Identifier":"88706","Name":"GS 120: 1176 (Pathway); Fall 2017","Code":"Pathway.2017.Fall.GS   120.1176","Type":{"Id":3,"Code":"Course Offering","Name":"Course Offering"}},{"Identifier":"88712","Name":"GS 120: 1177 (Pathway); Fall 2017","Code":"Pathway.2017.Fall.GS   120.1177","Type":{"Id":3,"Code":"Course Offering","Name":"Course Offering"}},{"Identifier":"88719","Name":"GS 120: 1179 (Pathway); Fall 2017","Code":"Pathway.2017.Fall.GS   120.1179","Type":{"Id":3,"Code":"Course Offering","Name":"Course Offering"}},{"Identifier":"88737","Name":"GS 120: 1180 (Pathway); Fall 2017","Code":"Pathway.2017.Fall.GS   120.1180","Type":{"Id":3,"Code":"Course Offering","Name":"Course Offering"}},{"Identifier":"88751","Name":"GS 120: 1181 (Pathway); Fall 2017","Code":"Pathway.2017.Fall.GS   120.1181","Type":{"Id":3,"Code":"Course Offering","Name":"Course Offering"}},{"Identifier":"88752","Name":"GS 120: 1182 (Pathway); Fall 2017","Code":"Pathway.2017.Fall.GS   120.1182","Type":{"Id":3,"Code":"Course Offering","Name":"Course Offering"}},{"Identifier":"88753","Name":"GS 120: 1183 (Pathway); Fall 2017","Code":"Pathway.2017.Fall.GS   120.1183","Type":{"Id":3,"Code":"Course Offering","Name":"Course Offering"}},{"Identifier":"88754","Name":"GS 120: 1184 (Pathway); Fall 2017","Code":"Pathway.2017.Fall.GS   120.1184","Type":{"Id":3,"Code":"Course Offering","Name":"Course Offering"}},{"Identifier":"88755","Name":"GS 120: 1185 (Pathway); Fall 2017","Code":"Pathway.2017.Fall.GS   120.1185","Type":{"Id":3,"Code":"Course Offering","Name":"Course Offering"}},{"Identifier":"88756","Name":"GS 120: 1186 (Pathway); Fall 2017","Code":"Pathway.2017.Fall.GS   120.1186","Type":{"Id":3,"Code":"Course Offering","Name":"Course Offering"}},{"Identifier":"88757","Name":"GS 120: 1187 (Pathway); Fall 2017","Code":"Pathway.2017.Fall.GS   120.1187","Type":{"Id":3,"Code":"Course Offering","Name":"Course Offering"}},{"Identifier":"88758","Name":"GS 120: 1188 (Pathway); Fall 2017","Code":"Pathway.2017.Fall.GS   120.1188","Type":{"Id":3,"Code":"Course Offering","Name":"Course Offering"}},{"Identifier":"88759","Name":"GS 120: 1189 (Pathway); Fall 2017","Code":"Pathway.2017.Fall.GS   120.1189","Type":{"Id":3,"Code":"Course Offering","Name":"Course Offering"}},{"Identifier":"88760","Name":"GS 120: 1190 (Pathway); Fall 2017","Code":"Pathway.2017.Fall.GS   120.1190","Type":{"Id":3,"Code":"Course Offering","Name":"Course Offering"}},{"Identifier":"88761","Name":"GS 120: 1191 (Pathway); Fall 2017","Code":"Pathway.2017.Fall.GS   120.1191","Type":{"Id":3,"Code":"Course Offering","Name":"Course Offering"}},{"Identifier":"88762","Name":"GS 120: 1192 (Pathway); Fall 2017","Code":"Pathway.2017.Fall.GS   120.1192","Type":{"Id":3,"Code":"Course Offering","Name":"Course Offering"}},{"Identifier":"88773","Name":"GS 120: 1193 (Pathway); Fall 2017","Code":"Pathway.2017.Fall.GS   120.1193","Type":{"Id":3,"Code":"Course Offering","Name":"Course Offering"}},{"Identifier":"88780","Name":"GS 120: 1194 (Pathway); Fall 2017","Code":"Pathway.2017.Fall.GS   120.1194","Type":{"Id":3,"Code":"Course Offering","Name":"Course Offering"}},{"Identifier":"88781","Name":"GS 120: 1195 (Pathway); Fall 2017","Code":"Pathway.2017.Fall.GS   120.1195","Type":{"Id":3,"Code":"Course Offering","Name":"Course Offering"}},{"Identifier":"88782","Name":"GS 120: 1196 (Pathway); Fall 2017","Code":"Pathway.2017.Fall.GS   120.1196","Type":{"Id":3,"Code":"Course Offering","Name":"Course Offering"}},{"Identifier":"88783","Name":"GS 120: 1197 (Pathway); Fall 2017","Code":"Pathway.2017.Fall.GS   120.1197","Type":{"Id":3,"Code":"Course Offering","Name":"Course Offering"}},{"Identifier":"88784","Name":"GS 120: 1198 (Pathway); Fall 2017","Code":"Pathway.2017.Fall.GS   120.1198","Type":{"Id":3,"Code":"Course Offering","Name":"Course Offering"}},{"Identifier":"88785","Name":"GS 120: 1199 (Pathway); Fall 2017","Code":"Pathway.2017.Fall.GS   120.1199","Type":{"Id":3,"Code":"Course Offering","Name":"Course Offering"}},{"Identifier":"88787","Name":"GS 120: 1201 (Pathway); Fall 2017","Code":"Pathway.2017.Fall.GS   120.1201","Type":{"Id":3,"Code":"Course Offering","Name":"Course Offering"}},{"Identifier":"88788","Name":"GS 120: 1202 (Pathway); Fall 2017","Code":"Pathway.2017.Fall.GS   120.1202","Type":{"Id":3,"Code":"Course Offering","Name":"Course Offering"}},{"Identifier":"88789","Name":"GS 120: 1203 (Pathway); Fall 2017","Code":"Pathway.2017.Fall.GS   120.1203","Type":{"Id":3,"Code":"Course Offering","Name":"Course Offering"}},{"Identifier":"88790","Name":"GS 120: 1204 (Pathway); Fall 2017","Code":"Pathway.2017.Fall.GS   120.1204","Type":{"Id":3,"Code":"Course Offering","Name":"Course Offering"}},{"Identifier":"88791","Name":"GS 120: 1205 (Pathway); Fall 2017","Code":"Pathway.2017.Fall.GS   120.1205","Type":{"Id":3,"Code":"Course Offering","Name":"Course Offering"}},{"Identifier":"88792","Name":"GS 120: 1206 (Pathway); Fall 2017","Code":"Pathway.2017.Fall.GS   120.1206","Type":{"Id":3,"Code":"Course Offering","Name":"Course Offering"}},{"Identifier":"88793","Name":"GS 120: 1207 (Pathway); Fall 2017","Code":"Pathway.2017.Fall.GS   120.1207","Type":{"Id":3,"Code":"Course Offering","Name":"Course Offering"}},{"Identifier":"88795","Name":"GS 120: 1209 (Pathway); Fall 2017","Code":"Pathway.2017.Fall.GS   120.1209","Type":{"Id":3,"Code":"Course Offering","Name":"Course Offering"}},{"Identifier":"88796","Name":"MATH 100G: 1001 (Pathway); Fall 2017","Code":"Pathway.2017.Fall.MATH 100G.1001","Type":{"Id":3,"Code":"Course Offering","Name":"Course Offering"}},{"Identifier":"88797","Name":"MATH 100G: 1002 (Pathway); Fall 2017","Code":"Pathway.2017.Fall.MATH 100G.1002","Type":{"Id":3,"Code":"Course Offering","Name":"Course Offering"}},{"Identifier":"88798","Name":"MATH 100G: 1003 (Pathway); Fall 2017","Code":"Pathway.2017.Fall.MATH 100G.1003","Type":{"Id":3,"Code":"Course Offering","Name":"Course Offering"}},{"Identifier":"88799","Name":"MATH 100G: 1004 (Pathway); Fall 2017","Code":"Pathway.2017.Fall.MATH 100G.1004","Type":{"Id":3,"Code":"Course Offering","Name":"Course Offering"}},{"Identifier":"88800","Name":"MATH 100G: 1005 (Pathway); Fall 2017","Code":"Pathway.2017.Fall.MATH 100G.1005","Type":{"Id":3,"Code":"Course Offering","Name":"Course Offering"}},{"Identifier":"88801","Name":"MATH 100G: 1006 (Pathway); Fall 2017","Code":"Pathway.2017.Fall.MATH 100G.1006","Type":{"Id":3,"Code":"Course Offering","Name":"Course Offering"}},{"Identifier":"88802","Name":"MATH 100G: 1007 (Pathway); Fall 2017","Code":"Pathway.2017.Fall.MATH 100G.1007","Type":{"Id":3,"Code":"Course Offering","Name":"Course Offering"}},{"Identifier":"88803","Name":"MATH 100G: 1008 (Pathway); Fall 2017","Code":"Pathway.2017.Fall.MATH 100G.1008","Type":{"Id":3,"Code":"Course Offering","Name":"Course Offering"}},{"Identifier":"88804","Name":"MATH 100G: 1009 (Pathway); Fall 2017","Code":"Pathway.2017.Fall.MATH 100G.1009","Type":{"Id":3,"Code":"Course Offering","Name":"Course Offering"}},{"Identifier":"88805","Name":"MATH 100G: 1010 (Pathway); Fall 2017","Code":"Pathway.2017.Fall.MATH 100G.1010","Type":{"Id":3,"Code":"Course Offering","Name":"Course Offering"}},{"Identifier":"88806","Name":"MATH 100G: 1011 (Pathway); Fall 2017","Code":"Pathway.2017.Fall.MATH 100G.1011","Type":{"Id":3,"Code":"Course Offering","Name":"Course Offering"}},{"Identifier":"88817","Name":"MATH 100G: 1012 (Pathway); Fall 2017","Code":"Pathway.2017.Fall.MATH 100G.1012","Type":{"Id":3,"Code":"Course Offering","Name":"Course Offering"}},{"Identifier":"88859","Name":"MATH 100G: 1013 (Pathway); Fall 2017","Code":"Pathway.2017.Fall.MATH 100G.1013","Type":{"Id":3,"Code":"Course Offering","Name":"Course Offering"}},{"Identifier":"88860","Name":"MATH 100G: 1014 (Pathway); Fall 2017","Code":"Pathway.2017.Fall.MATH 100G.1014","Type":{"Id":3,"Code":"Course Offering","Name":"Course Offering"}},{"Identifier":"88870","Name":"MATH 100G: 1017 (Pathway); Fall 2017","Code":"Pathway.2017.Fall.MATH 100G.1017","Type":{"Id":3,"Code":"Course Offering","Name":"Course Offering"}},{"Identifier":"88882","Name":"MATH 100L: 1001 (Pathway); Fall 2017","Code":"Pathway.2017.Fall.MATH 100L.1001","Type":{"Id":3,"Code":"Course Offering","Name":"Course Offering"}},{"Identifier":"88893","Name":"MATH 100L: 1002 (Pathway); Fall 2017","Code":"Pathway.2017.Fall.MATH 100L.1002","Type":{"Id":3,"Code":"Course Offering","Name":"Course Offering"}},{"Identifier":"88894","Name":"MATH 100L: 1003 (Pathway); Fall 2017","Code":"Pathway.2017.Fall.MATH 100L.1003","Type":{"Id":3,"Code":"Course Offering","Name":"Course Offering"}},{"Identifier":"88895","Name":"MATH 100L: 1004 (Pathway); Fall 2017","Code":"Pathway.2017.Fall.MATH 100L.1004","Type":{"Id":3,"Code":"Course Offering","Name":"Course Offering"}},{"Identifier":"88896","Name":"MATH 100L: 1005 (Pathway); Fall 2017","Code":"Pathway.2017.Fall.MATH 100L.1005","Type":{"Id":3,"Code":"Course Offering","Name":"Course Offering"}},{"Identifier":"88897","Name":"MATH 100L: 1006 (Pathway); Fall 2017","Code":"Pathway.2017.Fall.MATH 100L.1006","Type":{"Id":3,"Code":"Course Offering","Name":"Course Offering"}},{"Identifier":"88898","Name":"MATH 100L: 1007 (Pathway); Fall 2017","Code":"Pathway.2017.Fall.MATH 100L.1007","Type":{"Id":3,"Code":"Course Offering","Name":"Course Offering"}},{"Identifier":"88899","Name":"MATH 100L: 1008 (Pathway); Fall 2017","Code":"Pathway.2017.Fall.MATH 100L.1008","Type":{"Id":3,"Code":"Course Offering","Name":"Course Offering"}},{"Identifier":"88900","Name":"MATH 100L: 1009 (Pathway); Fall 2017","Code":"Pathway.2017.Fall.MATH 100L.1009","Type":{"Id":3,"Code":"Course Offering","Name":"Course Offering"}},{"Identifier":"88906","Name":"MATH 100L: 1010 (Pathway); Fall 2017","Code":"Pathway.2017.Fall.MATH 100L.1010","Type":{"Id":3,"Code":"Course Offering","Name":"Course Offering"}},{"Identifier":"88923","Name":"MATH 100L: 1011 (Pathway); Fall 2017","Code":"Pathway.2017.Fall.MATH 100L.1011","Type":{"Id":3,"Code":"Course Offering","Name":"Course Offering"}},{"Identifier":"88924","Name":"MATH 100L: 1012 (Pathway); Fall 2017","Code":"Pathway.2017.Fall.MATH 100L.1012","Type":{"Id":3,"Code":"Course Offering","Name":"Course Offering"}},{"Identifier":"88925","Name":"MATH 100L: 1013 (Pathway); Fall 2017","Code":"Pathway.2017.Fall.MATH 100L.1013","Type":{"Id":3,"Code":"Course Offering","Name":"Course Offering"}},{"Identifier":"88926","Name":"MATH 100L: 1014 (Pathway); Fall 2017","Code":"Pathway.2017.Fall.MATH 100L.1014","Type":{"Id":3,"Code":"Course Offering","Name":"Course Offering"}},{"Identifier":"88927","Name":"MATH 100L: 1015 (Pathway); Fall 2017","Code":"Pathway.2017.Fall.MATH 100L.1015","Type":{"Id":3,"Code":"Course Offering","Name":"Course Offering"}},{"Identifier":"88928","Name":"MATH 100L: 1016 (Pathway); Fall 2017","Code":"Pathway.2017.Fall.MATH 100L.1016","Type":{"Id":3,"Code":"Course Offering","Name":"Course Offering"}},{"Identifier":"88929","Name":"MATH 100L: 1017 (Pathway); Fall 2017","Code":"Pathway.2017.Fall.MATH 100L.1017","Type":{"Id":3,"Code":"Course Offering","Name":"Course Offering"}},{"Identifier":"88930","Name":"MATH 100L: 1018 (Pathway); Fall 2017","Code":"Pathway.2017.Fall.MATH 100L.1018","Type":{"Id":3,"Code":"Course Offering","Name":"Course Offering"}},{"Identifier":"88931","Name":"MATH 100L: 1019 (Pathway); Fall 2017","Code":"Pathway.2017.Fall.MATH 100L.1019","Type":{"Id":3,"Code":"Course Offering","Name":"Course Offering"}},{"Identifier":"88932","Name":"MATH 100L: 1020 (Pathway); Fall 2017","Code":"Pathway.2017.Fall.MATH 100L.1020","Type":{"Id":3,"Code":"Course Offering","Name":"Course Offering"}},{"Identifier":"88933","Name":"MATH 100L: 1021 (Pathway); Fall 2017","Code":"Pathway.2017.Fall.MATH 100L.1021","Type":{"Id":3,"Code":"Course Offering","Name":"Course Offering"}},{"Identifier":"88934","Name":"MATH 100L: 1022 (Pathway); Fall 2017","Code":"Pathway.2017.Fall.MATH 100L.1022","Type":{"Id":3,"Code":"Course Offering","Name":"Course Offering"}},{"Identifier":"88935","Name":"MATH 100L: 1023 (Pathway); Fall 2017","Code":"Pathway.2017.Fall.MATH 100L.1023","Type":{"Id":3,"Code":"Course Offering","Name":"Course Offering"}},{"Identifier":"88936","Name":"MATH 100L: 1024 (Pathway); Fall 2017","Code":"Pathway.2017.Fall.MATH 100L.1024","Type":{"Id":3,"Code":"Course Offering","Name":"Course Offering"}},{"Identifier":"88937","Name":"MATH 100L: 1025 (Pathway); Fall 2017","Code":"Pathway.2017.Fall.MATH 100L.1025","Type":{"Id":3,"Code":"Course Offering","Name":"Course Offering"}},{"Identifier":"88938","Name":"MATH 100L: 1026 (Pathway); Fall 2017","Code":"Pathway.2017.Fall.MATH 100L.1026","Type":{"Id":3,"Code":"Course Offering","Name":"Course Offering"}},{"Identifier":"88939","Name":"MATH 100L: 1027 (Pathway); Fall 2017","Code":"Pathway.2017.Fall.MATH 100L.1027","Type":{"Id":3,"Code":"Course Offering","Name":"Course Offering"}},{"Identifier":"88940","Name":"MATH 100L: 1028 (Pathway); Fall 2017","Code":"Pathway.2017.Fall.MATH 100L.1028","Type":{"Id":3,"Code":"Course Offering","Name":"Course Offering"}},{"Identifier":"88941","Name":"MATH 100L: 1029 (Pathway); Fall 2017","Code":"Pathway.2017.Fall.MATH 100L.1029","Type":{"Id":3,"Code":"Course Offering","Name":"Course Offering"}},{"Identifier":"88942","Name":"MATH 100L: 1030 (Pathway); Fall 2017","Code":"Pathway.2017.Fall.MATH 100L.1030","Type":{"Id":3,"Code":"Course Offering","Name":"Course Offering"}},{"Identifier":"88943","Name":"MATH 100L: 1031 (Pathway); Fall 2017","Code":"Pathway.2017.Fall.MATH 100L.1031","Type":{"Id":3,"Code":"Course Offering","Name":"Course Offering"}},{"Identifier":"88944","Name":"MATH 100L: 1032 (Pathway); Fall 2017","Code":"Pathway.2017.Fall.MATH 100L.1032","Type":{"Id":3,"Code":"Course Offering","Name":"Course Offering"}},{"Identifier":"88945","Name":"MATH 100L: 1033 (Pathway); Fall 2017","Code":"Pathway.2017.Fall.MATH 100L.1033","Type":{"Id":3,"Code":"Course Offering","Name":"Course Offering"}},{"Identifier":"88946","Name":"MATH 100L: 1034 (Pathway); Fall 2017","Code":"Pathway.2017.Fall.MATH 100L.1034","Type":{"Id":3,"Code":"Course Offering","Name":"Course Offering"}},{"Identifier":"88947","Name":"MATH 100L: 1035 (Pathway); Fall 2017","Code":"Pathway.2017.Fall.MATH 100L.1035","Type":{"Id":3,"Code":"Course Offering","Name":"Course Offering"}},{"Identifier":"88948","Name":"MATH 100L: 1036 (Pathway); Fall 2017","Code":"Pathway.2017.Fall.MATH 100L.1036","Type":{"Id":3,"Code":"Course Offering","Name":"Course Offering"}},{"Identifier":"88949","Name":"MATH 100L: 1037 (Pathway); Fall 2017","Code":"Pathway.2017.Fall.MATH 100L.1037","Type":{"Id":3,"Code":"Course Offering","Name":"Course Offering"}},{"Identifier":"88950","Name":"MATH 100L: 1038 (Pathway); Fall 2017","Code":"Pathway.2017.Fall.MATH 100L.1038","Type":{"Id":3,"Code":"Course Offering","Name":"Course Offering"}},{"Identifier":"88951","Name":"MATH 100L: 1039 (Pathway); Fall 2017","Code":"Pathway.2017.Fall.MATH 100L.1039","Type":{"Id":3,"Code":"Course Offering","Name":"Course Offering"}},{"Identifier":"88952","Name":"FDREL 122: 1113 (Pathway); Fall 2017","Code":"Pathway.2017.Fall.FDREL122.1113","Type":{"Id":3,"Code":"Course Offering","Name":"Course Offering"}},{"Identifier":"88958","Name":"FDREL 122: 1114 (Pathway); Fall 2017","Code":"Pathway.2017.Fall.FDREL122.1114","Type":{"Id":3,"Code":"Course Offering","Name":"Course Offering"}},{"Identifier":"88964","Name":"FDREL 121: 1223 (Pathway); Fall 2017","Code":"Pathway.2017.Fall.FDREL121.1223","Type":{"Id":3,"Code":"Course Offering","Name":"Course Offering"}},{"Identifier":"88980","Name":"FDREL 250: 1224 (Pathway); Fall 2017","Code":"Pathway.2017.Fall.FDREL250.1224","Type":{"Id":3,"Code":"Course Offering","Name":"Course Offering"}},{"Identifier":"88992","Name":"FDREL 250: 1225 (Pathway); Fall 2017","Code":"Pathway.2017.Fall.FDREL250.1225","Type":{"Id":3,"Code":"Course Offering","Name":"Course Offering"}},{"Identifier":"88993","Name":"FDREL 250: 1226 (Pathway); Fall 2017","Code":"Pathway.2017.Fall.FDREL250.1226","Type":{"Id":3,"Code":"Course Offering","Name":"Course Offering"}},{"Identifier":"88994","Name":"FDREL 250: 1227 (Pathway); Fall 2017","Code":"Pathway.2017.Fall.FDREL250.1227","Type":{"Id":3,"Code":"Course Offering","Name":"Course Offering"}},{"Identifier":"88995","Name":"FDREL 250: 1228 (Pathway); Fall 2017","Code":"Pathway.2017.Fall.FDREL250.1228","Type":{"Id":3,"Code":"Course Offering","Name":"Course Offering"}},{"Identifier":"88996","Name":"FDREL 250: 1229 (Pathway); Fall 2017","Code":"Pathway.2017.Fall.FDREL250.1229","Type":{"Id":3,"Code":"Course Offering","Name":"Course Offering"}},{"Identifier":"88997","Name":"FDREL 250: 1230 (Pathway); Fall 2017","Code":"Pathway.2017.Fall.FDREL250.1230","Type":{"Id":3,"Code":"Course Offering","Name":"Course Offering"}},{"Identifier":"88998","Name":"FDREL 250: 1231 (Pathway); Fall 2017","Code":"Pathway.2017.Fall.FDREL250.1231","Type":{"Id":3,"Code":"Course Offering","Name":"Course Offering"}},{"Identifier":"88999","Name":"FDREL 250: 1232 (Pathway); Fall 2017","Code":"Pathway.2017.Fall.FDREL250.1232","Type":{"Id":3,"Code":"Course Offering","Name":"Course Offering"}},{"Identifier":"89000","Name":"ENG 106: 1023 (Pathway); Fall 2017","Code":"Pathway.2017.Fall.ENG  106.1023","Type":{"Id":3,"Code":"Course Offering","Name":"Course Offering"}},{"Identifier":"89001","Name":"ENG 106: 1024 (Pathway); Fall 2017","Code":"Pathway.2017.Fall.ENG  106.1024","Type":{"Id":3,"Code":"Course Offering","Name":"Course Offering"}},{"Identifier":"89002","Name":"ENG 106: 1025 (Pathway); Fall 2017","Code":"Pathway.2017.Fall.ENG  106.1025","Type":{"Id":3,"Code":"Course Offering","Name":"Course Offering"}},{"Identifier":"89003","Name":"ENG 106L: 1015 (Pathway); Fall 2017","Code":"Pathway.2017.Fall.ENG  106L.1015","Type":{"Id":3,"Code":"Course Offering","Name":"Course Offering"}},{"Identifier":"89004","Name":"MATH 100G: 1018 (Pathway); Fall 2017","Code":"Pathway.2017.Fall.MATH 100G.1018","Type":{"Id":3,"Code":"Course Offering","Name":"Course Offering"}},{"Identifier":"89010","Name":"MATH 100G: 1019 (Pathway); Fall 2017","Code":"Pathway.2017.Fall.MATH 100G.1019","Type":{"Id":3,"Code":"Course Offering","Name":"Course Offering"}},{"Identifier":"89023","Name":"MATH 100G: 1020 (Pathway); Fall 2017","Code":"Pathway.2017.Fall.MATH 100G.1020","Type":{"Id":3,"Code":"Course Offering","Name":"Course Offering"}},{"Identifier":"89024","Name":"MATH 100G: 1021 (Pathway); Fall 2017","Code":"Pathway.2017.Fall.MATH 100G.1021","Type":{"Id":3,"Code":"Course Offering","Name":"Course Offering"}},{"Identifier":"89028","Name":"MATH 100G: 1022 (Pathway); Fall 2017","Code":"Pathway.2017.Fall.MATH 100G.1022","Type":{"Id":3,"Code":"Course Offering","Name":"Course Offering"}},{"Identifier":"89039","Name":"MATH 100G: 1023 (Pathway); Fall 2017","Code":"Pathway.2017.Fall.MATH 100G.1023","Type":{"Id":3,"Code":"Course Offering","Name":"Course Offering"}},{"Identifier":"89040","Name":"MATH 100G: 1024 (Pathway); Fall 2017","Code":"Pathway.2017.Fall.MATH 100G.1024","Type":{"Id":3,"Code":"Course Offering","Name":"Course Offering"}},{"Identifier":"89041","Name":"ENG 106: 1026 (Pathway); Fall 2017","Code":"Pathway.2017.Fall.ENG  106.1026","Type":{"Id":3,"Code":"Course Offering","Name":"Course Offering"}},{"Identifier":"89042","Name":"ENG 106: 1027 (Pathway); Fall 2017","Code":"Pathway.2017.Fall.ENG  106.1027","Type":{"Id":3,"Code":"Course Offering","Name":"Course Offering"}},{"Identifier":"89043","Name":"ENG 106: 1028 (Pathway); Fall 2017","Code":"Pathway.2017.Fall.ENG  106.1028","Type":{"Id":3,"Code":"Course Offering","Name":"Course Offering"}},{"Identifier":"89044","Name":"FDREL 250: 1233 (Pathway); Fall 2017","Code":"Pathway.2017.Fall.FDREL250.1233","Type":{"Id":3,"Code":"Course Offering","Name":"Course Offering"}},{"Identifier":"89471","Name":"GS 120L: 1001 (Pathway); Fall 2017","Code":"Pathway.2017.Fall.GS   120L.1001","Type":{"Id":3,"Code":"Course Offering","Name":"Course Offering"}},{"Identifier":"89472","Name":"GS 120L: 1002 (Pathway); Fall 2017","Code":"Pathway.2017.Fall.GS   120L.1002","Type":{"Id":3,"Code":"Course Offering","Name":"Course Offering"}},{"Identifier":"89473","Name":"GS 120L: 1003 (Pathway); Fall 2017","Code":"Pathway.2017.Fall.GS   120L.1003","Type":{"Id":3,"Code":"Course Offering","Name":"Course Offering"}},{"Identifier":"89474","Name":"GS 120L: 1004 (Pathway); Fall 2017","Code":"Pathway.2017.Fall.GS   120L.1004","Type":{"Id":3,"Code":"Course Offering","Name":"Course Offering"}},{"Identifier":"89475","Name":"GS 120L: 1005 (Pathway); Fall 2017","Code":"Pathway.2017.Fall.GS   120L.1005","Type":{"Id":3,"Code":"Course Offering","Name":"Course Offering"}},{"Identifier":"89476","Name":"GS 120L: 1006 (Pathway); Fall 2017","Code":"Pathway.2017.Fall.GS   120L.1006","Type":{"Id":3,"Code":"Course Offering","Name":"Course Offering"}},{"Identifier":"89477","Name":"GS 120L: 1008 (Pathway); Fall 2017","Code":"Pathway.2017.Fall.GS   120L.1008","Type":{"Id":3,"Code":"Course Offering","Name":"Course Offering"}},{"Identifier":"89482","Name":"GS 120L: 1009 (Pathway); Fall 2017","Code":"Pathway.2017.Fall.GS   120L.1009","Type":{"Id":3,"Code":"Course Offering","Name":"Course Offering"}},{"Identifier":"89486","Name":"GS 120L: 1010 (Pathway); Fall 2017","Code":"Pathway.2017.Fall.GS   120L.1010","Type":{"Id":3,"Code":"Course Offering","Name":"Course Offering"}},{"Identifier":"89487","Name":"GS 120L: 1011 (Pathway); Fall 2017","Code":"Pathway.2017.Fall.GS   120L.1011","Type":{"Id":3,"Code":"Course Offering","Name":"Course Offering"}},{"Identifier":"89488","Name":"GS 120L: 1012 (Pathway); Fall 2017","Code":"Pathway.2017.Fall.GS   120L.1012","Type":{"Id":3,"Code":"Course Offering","Name":"Course Offering"}},{"Identifier":"89489","Name":"GS 120L: 1013 (Pathway); Fall 2017","Code":"Pathway.2017.Fall.GS   120L.1013","Type":{"Id":3,"Code":"Course Offering","Name":"Course Offering"}},{"Identifier":"89490","Name":"GS 120L: 1014 (Pathway); Fall 2017","Code":"Pathway.2017.Fall.GS   120L.1014","Type":{"Id":3,"Code":"Course Offering","Name":"Course Offering"}},{"Identifier":"89491","Name":"GS 120L: 1015 (Pathway); Fall 2017","Code":"Pathway.2017.Fall.GS   120L.1015","Type":{"Id":3,"Code":"Course Offering","Name":"Course Offering"}},{"Identifier":"89492","Name":"GS 120L: 1016 (Pathway); Fall 2017","Code":"Pathway.2017.Fall.GS   120L.1016","Type":{"Id":3,"Code":"Course Offering","Name":"Course Offering"}},{"Identifier":"89493","Name":"GS 120L: 1017 (Pathway); Fall 2017","Code":"Pathway.2017.Fall.GS   120L.1017","Type":{"Id":3,"Code":"Course Offering","Name":"Course Offering"}},{"Identifier":"89494","Name":"GS 120L: 1018 (Pathway); Fall 2017","Code":"Pathway.2017.Fall.GS   120L.1018","Type":{"Id":3,"Code":"Course Offering","Name":"Course Offering"}},{"Identifier":"89495","Name":"GS 120L: 1019 (Pathway); Fall 2017","Code":"Pathway.2017.Fall.GS   120L.1019","Type":{"Id":3,"Code":"Course Offering","Name":"Course Offering"}},{"Identifier":"89496","Name":"GS 120L: 1020 (Pathway); Fall 2017","Code":"Pathway.2017.Fall.GS   120L.1020","Type":{"Id":3,"Code":"Course Offering","Name":"Course Offering"}},{"Identifier":"89497","Name":"GS 120L: 1021 (Pathway); Fall 2017","Code":"Pathway.2017.Fall.GS   120L.1021","Type":{"Id":3,"Code":"Course Offering","Name":"Course Offering"}},{"Identifier":"89498","Name":"GS 120L: 1022 (Pathway); Fall 2017","Code":"Pathway.2017.Fall.GS   120L.1022","Type":{"Id":3,"Code":"Course Offering","Name":"Course Offering"}},{"Identifier":"89499","Name":"GS 120L: 1023 (Pathway); Fall 2017","Code":"Pathway.2017.Fall.GS   120L.1023","Type":{"Id":3,"Code":"Course Offering","Name":"Course Offering"}},{"Identifier":"89500","Name":"GS 120L: 1025 (Pathway); Fall 2017","Code":"Pathway.2017.Fall.GS   120L.1025","Type":{"Id":3,"Code":"Course Offering","Name":"Course Offering"}},{"Identifier":"89501","Name":"GS 120L: 1026 (Pathway); Fall 2017","Code":"Pathway.2017.Fall.GS   120L.1026","Type":{"Id":3,"Code":"Course Offering","Name":"Course Offering"}},{"Identifier":"89502","Name":"GS 120L: 1027 (Pathway); Fall 2017","Code":"Pathway.2017.Fall.GS   120L.1027","Type":{"Id":3,"Code":"Course Offering","Name":"Course Offering"}},{"Identifier":"89503","Name":"GS 120L: 1028 (Pathway); Fall 2017","Code":"Pathway.2017.Fall.GS   120L.1028","Type":{"Id":3,"Code":"Course Offering","Name":"Course Offering"}},{"Identifier":"89519","Name":"GS 120L: 1029 (Pathway); Fall 2017","Code":"Pathway.2017.Fall.GS   120L.1029","Type":{"Id":3,"Code":"Course Offering","Name":"Course Offering"}},{"Identifier":"89526","Name":"GS 120L: 1030 (Pathway); Fall 2017","Code":"Pathway.2017.Fall.GS   120L.1030","Type":{"Id":3,"Code":"Course Offering","Name":"Course Offering"}},{"Identifier":"89527","Name":"GS 120L: 1031 (Pathway); Fall 2017","Code":"Pathway.2017.Fall.GS   120L.1031","Type":{"Id":3,"Code":"Course Offering","Name":"Course Offering"}},{"Identifier":"89528","Name":"GS 120L: 1032 (Pathway); Fall 2017","Code":"Pathway.2017.Fall.GS   120L.1032","Type":{"Id":3,"Code":"Course Offering","Name":"Course Offering"}},{"Identifier":"89529","Name":"GS 120L: 1033 (Pathway); Fall 2017","Code":"Pathway.2017.Fall.GS   120L.1033","Type":{"Id":3,"Code":"Course Offering","Name":"Course Offering"}},{"Identifier":"89530","Name":"GS 120L: 1034 (Pathway); Fall 2017","Code":"Pathway.2017.Fall.GS   120L.1034","Type":{"Id":3,"Code":"Course Offering","Name":"Course Offering"}},{"Identifier":"89531","Name":"GS 120L: 1035 (Pathway); Fall 2017","Code":"Pathway.2017.Fall.GS   120L.1035","Type":{"Id":3,"Code":"Course Offering","Name":"Course Offering"}},{"Identifier":"89532","Name":"GS 120L: 1036 (Pathway); Fall 2017","Code":"Pathway.2017.Fall.GS   120L.1036","Type":{"Id":3,"Code":"Course Offering","Name":"Course Offering"}},{"Identifier":"89533","Name":"GS 120L: 1038 (Pathway); Fall 2017","Code":"Pathway.2017.Fall.GS   120L.1038","Type":{"Id":3,"Code":"Course Offering","Name":"Course Offering"}},{"Identifier":"89534","Name":"GS 120L: 1040 (Pathway); Fall 2017","Code":"Pathway.2017.Fall.GS   120L.1040","Type":{"Id":3,"Code":"Course Offering","Name":"Course Offering"}},{"Identifier":"89535","Name":"GS 120L: 1041 (Pathway); Fall 2017","Code":"Pathway.2017.Fall.GS   120L.1041","Type":{"Id":3,"Code":"Course Offering","Name":"Course Offering"}},{"Identifier":"89536","Name":"GS 120L: 1042 (Pathway); Fall 2017","Code":"Pathway.2017.Fall.GS   120L.1042","Type":{"Id":3,"Code":"Course Offering","Name":"Course Offering"}},{"Identifier":"89537","Name":"GS 120L: 1043 (Pathway); Fall 2017","Code":"Pathway.2017.Fall.GS   120L.1043","Type":{"Id":3,"Code":"Course Offering","Name":"Course Offering"}},{"Identifier":"89538","Name":"GS 120L: 1044 (Pathway); Fall 2017","Code":"Pathway.2017.Fall.GS   120L.1044","Type":{"Id":3,"Code":"Course Offering","Name":"Course Offering"}},{"Identifier":"89539","Name":"GS 120L: 1045 (Pathway); Fall 2017","Code":"Pathway.2017.Fall.GS   120L.1045","Type":{"Id":3,"Code":"Course Offering","Name":"Course Offering"}},{"Identifier":"89540","Name":"GS 120L: 1046 (Pathway); Fall 2017","Code":"Pathway.2017.Fall.GS   120L.1046","Type":{"Id":3,"Code":"Course Offering","Name":"Course Offering"}},{"Identifier":"89541","Name":"GS 120L: 1047 (Pathway); Fall 2017","Code":"Pathway.2017.Fall.GS   120L.1047","Type":{"Id":3,"Code":"Course Offering","Name":"Course Offering"}},{"Identifier":"89557","Name":"GS 120L: 1048 (Pathway); Fall 2017","Code":"Pathway.2017.Fall.GS   120L.1048","Type":{"Id":3,"Code":"Course Offering","Name":"Course Offering"}},{"Identifier":"89593","Name":"GS 120L: 1049 (Pathway); Fall 2017","Code":"Pathway.2017.Fall.GS   120L.1049","Type":{"Id":3,"Code":"Course Offering","Name":"Course Offering"}},{"Identifier":"89595","Name":"GS 120L: 1050 (Pathway); Fall 2017","Code":"Pathway.2017.Fall.GS   120L.1050","Type":{"Id":3,"Code":"Course Offering","Name":"Course Offering"}},{"Identifier":"89596","Name":"GS 120L: 1051 (Pathway); Fall 2017","Code":"Pathway.2017.Fall.GS   120L.1051","Type":{"Id":3,"Code":"Course Offering","Name":"Course Offering"}},{"Identifier":"89597","Name":"GS 120L: 1052 (Pathway); Fall 2017","Code":"Pathway.2017.Fall.GS   120L.1052","Type":{"Id":3,"Code":"Course Offering","Name":"Course Offering"}},{"Identifier":"89598","Name":"GS 120L: 1053 (Pathway); Fall 2017","Code":"Pathway.2017.Fall.GS   120L.1053","Type":{"Id":3,"Code":"Course Offering","Name":"Course Offering"}},{"Identifier":"89599","Name":"GS 120L: 1054 (Pathway); Fall 2017","Code":"Pathway.2017.Fall.GS   120L.1054","Type":{"Id":3,"Code":"Course Offering","Name":"Course Offering"}},{"Identifier":"89600","Name":"GS 120L: 1055 (Pathway); Fall 2017","Code":"Pathway.2017.Fall.GS   120L.1055","Type":{"Id":3,"Code":"Course Offering","Name":"Course Offering"}},{"Identifier":"89601","Name":"GS 120L: 1056 (Pathway); Fall 2017","Code":"Pathway.2017.Fall.GS   120L.1056","Type":{"Id":3,"Code":"Course Offering","Name":"Course Offering"}},{"Identifier":"89602","Name":"GS 120L: 1057 (Pathway); Fall 2017","Code":"Pathway.2017.Fall.GS   120L.1057","Type":{"Id":3,"Code":"Course Offering","Name":"Course Offering"}},{"Identifier":"89603","Name":"GS 120L: 1058 (Pathway); Fall 2017","Code":"Pathway.2017.Fall.GS   120L.1058","Type":{"Id":3,"Code":"Course Offering","Name":"Course Offering"}},{"Identifier":"89604","Name":"GS 120L: 1059 (Pathway); Fall 2017","Code":"Pathway.2017.Fall.GS   120L.1059","Type":{"Id":3,"Code":"Course Offering","Name":"Course Offering"}},{"Identifier":"89605","Name":"GS 120L: 1060 (Pathway); Fall 2017","Code":"Pathway.2017.Fall.GS   120L.1060","Type":{"Id":3,"Code":"Course Offering","Name":"Course Offering"}},{"Identifier":"89606","Name":"GS 120L: 1061 (Pathway); Fall 2017","Code":"Pathway.2017.Fall.GS   120L.1061","Type":{"Id":3,"Code":"Course Offering","Name":"Course Offering"}},{"Identifier":"89607","Name":"GS 120L: 1062 (Pathway); Fall 2017","Code":"Pathway.2017.Fall.GS   120L.1062","Type":{"Id":3,"Code":"Course Offering","Name":"Course Offering"}},{"Identifier":"89608","Name":"GS 120L: 1064 (Pathway); Fall 2017","Code":"Pathway.2017.Fall.GS   120L.1064","Type":{"Id":3,"Code":"Course Offering","Name":"Course Offering"}},{"Identifier":"89609","Name":"GS 120L: 1065 (Pathway); Fall 2017","Code":"Pathway.2017.Fall.GS   120L.1065","Type":{"Id":3,"Code":"Course Offering","Name":"Course Offering"}},{"Identifier":"89610","Name":"GS 120L: 1066 (Pathway); Fall 2017","Code":"Pathway.2017.Fall.GS   120L.1066","Type":{"Id":3,"Code":"Course Offering","Name":"Course Offering"}},{"Identifier":"89611","Name":"GS 120L: 1067 (Pathway); Fall 2017","Code":"Pathway.2017.Fall.GS   120L.1067","Type":{"Id":3,"Code":"Course Offering","Name":"Course Offering"}},{"Identifier":"89612","Name":"GS 120L: 1068 (Pathway); Fall 2017","Code":"Pathway.2017.Fall.GS   120L.1068","Type":{"Id":3,"Code":"Course Offering","Name":"Course Offering"}},{"Identifier":"89613","Name":"GS 120L: 1071 (Pathway); Fall 2017","Code":"Pathway.2017.Fall.GS   120L.1071","Type":{"Id":3,"Code":"Course Offering","Name":"Course Offering"}},{"Identifier":"89614","Name":"GS 120L: 1072 (Pathway); Fall 2017","Code":"Pathway.2017.Fall.GS   120L.1072","Type":{"Id":3,"Code":"Course Offering","Name":"Course Offering"}},{"Identifier":"89615","Name":"GS 120L: 1073 (Pathway); Fall 2017","Code":"Pathway.2017.Fall.GS   120L.1073","Type":{"Id":3,"Code":"Course Offering","Name":"Course Offering"}},{"Identifier":"89616","Name":"GS 120L: 1074 (Pathway); Fall 2017","Code":"Pathway.2017.Fall.GS   120L.1074","Type":{"Id":3,"Code":"Course Offering","Name":"Course Offering"}},{"Identifier":"89617","Name":"GS 120L: 1075 (Pathway); Fall 2017","Code":"Pathway.2017.Fall.GS   120L.1075","Type":{"Id":3,"Code":"Course Offering","Name":"Course Offering"}},{"Identifier":"89618","Name":"GS 120L: 1076 (Pathway); Fall 2017","Code":"Pathway.2017.Fall.GS   120L.1076","Type":{"Id":3,"Code":"Course Offering","Name":"Course Offering"}},{"Identifier":"89633","Name":"GS 120L: 1077 (Pathway); Fall 2017","Code":"Pathway.2017.Fall.GS   120L.1077","Type":{"Id":3,"Code":"Course Offering","Name":"Course Offering"}},{"Identifier":"89655","Name":"GS 120L: 1078 (Pathway); Fall 2017","Code":"Pathway.2017.Fall.GS   120L.1078","Type":{"Id":3,"Code":"Course Offering","Name":"Course Offering"}},{"Identifier":"89680","Name":"GS 120L: 1079 (Pathway); Fall 2017","Code":"Pathway.2017.Fall.GS   120L.1079","Type":{"Id":3,"Code":"Course Offering","Name":"Course Offering"}},{"Identifier":"89685","Name":"GS 120L: 1080 (Pathway); Fall 2017","Code":"Pathway.2017.Fall.GS   120L.1080","Type":{"Id":3,"Code":"Course Offering","Name":"Course Offering"}},{"Identifier":"89686","Name":"GS 120L: 1081 (Pathway); Fall 2017","Code":"Pathway.2017.Fall.GS   120L.1081","Type":{"Id":3,"Code":"Course Offering","Name":"Course Offering"}},{"Identifier":"89687","Name":"GS 120L: 1082 (Pathway); Fall 2017","Code":"Pathway.2017.Fall.GS   120L.1082","Type":{"Id":3,"Code":"Course Offering","Name":"Course Offering"}},{"Identifier":"89688","Name":"GS 120L: 1083 (Pathway); Fall 2017","Code":"Pathway.2017.Fall.GS   120L.1083","Type":{"Id":3,"Code":"Course Offering","Name":"Course Offering"}},{"Identifier":"89689","Name":"GS 120L: 1084 (Pathway); Fall 2017","Code":"Pathway.2017.Fall.GS   120L.1084","Type":{"Id":3,"Code":"Course Offering","Name":"Course Offering"}},{"Identifier":"89690","Name":"GS 120L: 1085 (Pathway); Fall 2017","Code":"Pathway.2017.Fall.GS   120L.1085","Type":{"Id":3,"Code":"Course Offering","Name":"Course Offering"}},{"Identifier":"89691","Name":"GS 120L: 1086 (Pathway); Fall 2017","Code":"Pathway.2017.Fall.GS   120L.1086","Type":{"Id":3,"Code":"Course Offering","Name":"Course Offering"}},{"Identifier":"89692","Name":"GS 120L: 1087 (Pathway); Fall 2017","Code":"Pathway.2017.Fall.GS   120L.1087","Type":{"Id":3,"Code":"Course Offering","Name":"Course Offering"}},{"Identifier":"89693","Name":"GS 120L: 1088 (Pathway); Fall 2017","Code":"Pathway.2017.Fall.GS   120L.1088","Type":{"Id":3,"Code":"Course Offering","Name":"Course Offering"}},{"Identifier":"89694","Name":"GS 120L: 1089 (Pathway); Fall 2017","Code":"Pathway.2017.Fall.GS   120L.1089","Type":{"Id":3,"Code":"Course Offering","Name":"Course Offering"}},{"Identifier":"89695","Name":"GS 120L: 1091 (Pathway); Fall 2017","Code":"Pathway.2017.Fall.GS   120L.1091","Type":{"Id":3,"Code":"Course Offering","Name":"Course Offering"}},{"Identifier":"89696","Name":"GS 120L: 1093 (Pathway); Fall 2017","Code":"Pathway.2017.Fall.GS   120L.1093","Type":{"Id":3,"Code":"Course Offering","Name":"Course Offering"}},{"Identifier":"89697","Name":"GS 120L: 1094 (Pathway); Fall 2017","Code":"Pathway.2017.Fall.GS   120L.1094","Type":{"Id":3,"Code":"Course Offering","Name":"Course Offering"}},{"Identifier":"89698","Name":"GS 120L: 1095 (Pathway); Fall 2017","Code":"Pathway.2017.Fall.GS   120L.1095","Type":{"Id":3,"Code":"Course Offering","Name":"Course Offering"}},{"Identifier":"89699","Name":"GS 120L: 1096 (Pathway); Fall 2017","Code":"Pathway.2017.Fall.GS   120L.1096","Type":{"Id":3,"Code":"Course Offering","Name":"Course Offering"}},{"Identifier":"89700","Name":"GS 120L: 1097 (Pathway); Fall 2017","Code":"Pathway.2017.Fall.GS   120L.1097","Type":{"Id":3,"Code":"Course Offering","Name":"Course Offering"}},{"Identifier":"89701","Name":"GS 120L: 1098 (Pathway); Fall 2017","Code":"Pathway.2017.Fall.GS   120L.1098","Type":{"Id":3,"Code":"Course Offering","Name":"Course Offering"}},{"Identifier":"89702","Name":"GS 120L: 1099 (Pathway); Fall 2017","Code":"Pathway.2017.Fall.GS   120L.1099","Type":{"Id":3,"Code":"Course Offering","Name":"Course Offering"}},{"Identifier":"89703","Name":"GS 120L: 1100 (Pathway); Fall 2017","Code":"Pathway.2017.Fall.GS   120L.1100","Type":{"Id":3,"Code":"Course Offering","Name":"Course Offering"}},{"Identifier":"89704","Name":"GS 120L: 1113 (Pathway); Fall 2017","Code":"Pathway.2017.Fall.GS   120L.1113","Type":{"Id":3,"Code":"Course Offering","Name":"Course Offering"}},{"Identifier":"89705","Name":"GS 120L: 1114 (Pathway); Fall 2017","Code":"Pathway.2017.Fall.GS   120L.1114","Type":{"Id":3,"Code":"Course Offering","Name":"Course Offering"}},{"Identifier":"89706","Name":"GS 120L: 1116 (Pathway); Fall 2017","Code":"Pathway.2017.Fall.GS   120L.1116","Type":{"Id":3,"Code":"Course Offering","Name":"Course Offering"}},{"Identifier":"95949","Name":"FDREL 121 Missionary Preview; (Fall 2017)","Code":"MissionaryPreview.Pathway.2017.Fall.FDREL121","Type":{"Id":3,"Code":"Course Offering","Name":"Course Offering"}},{"Identifier":"95960","Name":"FDREL 122 Missionary Preview; (Fall 2017)","Code":"MissionaryPreview.Pathway.2017.Fall.FDREL122","Type":{"Id":3,"Code":"Course Offering","Name":"Course Offering"}},{"Identifier":"95971","Name":"FDREL 250 Missionary Preview; (Fall 2017)","Code":"MissionaryPreview.Pathway.2017.Fall.FDREL250","Type":{"Id":3,"Code":"Course Offering","Name":"Course Offering"}},{"Identifier":"95972","Name":"GS 120 Missionary Preview; (Fall 2017)","Code":"MissionaryPreview.Pathway.2017.Fall.GS   120","Type":{"Id":3,"Code":"Course Offering","Name":"Course Offering"}},{"Identifier":"95989","Name":"GS 120L Missionary Preview; (Fall 2017)","Code":"MissionaryPreview.Pathway.2017.Fall.GS   120L","Type":{"Id":3,"Code":"Course Offering","Name":"Course Offering"}},{"Identifier":"95997","Name":"MATH 100G Missionary Preview; (Fall 2017)","Code":"MissionaryPreview.Pathway.2017.Fall.MATH 100G","Type":{"Id":3,"Code":"Course Offering","Name":"Course Offering"}},{"Identifier":"96039","Name":"MATH 100L Missionary Preview; (Fall 2017)","Code":"MissionaryPreview.Pathway.2017.Fall.MATH 100L","Type":{"Id":3,"Code":"Course Offering","Name":"Course Offering"}},{"Identifier":"96061","Name":"ENG 106 Missionary Preview; (Fall 2017)","Code":"MissionaryPreview.Pathway.2017.Fall.ENG  106","Type":{"Id":3,"Code":"Course Offering","Name":"Course Offering"}},{"Identifier":"96079","Name":"ENG 106L Missionary Preview; (Fall 2017)","Code":"MissionaryPreview.Pathway.2017.Fall.ENG  106L","Type":{"Id":3,"Code":"Course Offering","Name":"Course Offering"}}]